學生編號,年齡,性別,每日學習時數,社群媒體使用時數,Netflix觀看時數,兼職工作,出勤率 (%),睡眠時數,飲食品質,運動頻率,家長教育程度,網路品質,心理健康評分,課外活動參與情況,考試成績
S1000,23,女生,0,1.2,1.1,No,85,8,普通,6,Master,普通,8,Yes,56.2
S1001,20,女生,6.9,2.8,2.3,No,97.3,4.6,良好,6,High School,普通,8,No,100
S1002,21,男生,1.4,3.1,1.3,No,94.8,8,差,1,High School,差,1,No,34.3
S1003,23,女生,1,3.9,1,No,71,9.2,差,4,Master,良好,1,Yes,26.8
S1004,19,女生,5,4.4,0.5,No,90.9,4.9,普通,3,Master,良好,1,No,66.4
S1005,24,男生,7.2,1.3,0,No,82.9,7.4,普通,1,Master,普通,4,No,100
S1006,21,女生,5.6,1.5,1.4,Yes,85.8,6.5,良好,2,Master,差,4,No,89.8
S1007,21,女生,4.3,1,2,Yes,77.7,4.6,普通,0,Bachelor,普通,8,No,72.6
S1008,23,女生,4.4,2.2,1.7,No,100,7.1,良好,3,Bachelor,良好,1,No,78.9
S1009,18,女生,4.8,3.1,1.3,No,95.4,7.5,良好,5,Bachelor,良好,10,Yes,100
S1010,19,女生,4.6,3.7,0.8,No,77.6,5.8,普通,1,None,良好,3,No,63.3
S1011,23,男生,3.9,2.4,2.5,No,71.7,7.9,普通,2,Bachelor,普通,1,No,74.4
S1012,19,女生,3.7,2.1,0.4,Yes,81.1,4.5,普通,1,Bachelor,良好,9,No,76.9
S1013,19,女生,3.4,2.7,2.7,No,89.3,4.7,普通,4,Bachelor,良好,10,No,75.8
S1014,24,男生,2.4,1.5,0.7,No,87.4,6.7,差,6,Bachelor,普通,9,No,78.9
S1015,21,男生,3.1,5,1,No,97.5,6.5,良好,6,High School,普通,7,No,74
S1016,20,男生,1,0.6,0.2,No,92.9,5.6,差,3,High School,差,8,Yes,55.2
S1017,24,女生,3.4,2.7,1.2,No,94.7,7.5,差,0,High School,普通,1,Yes,70.8
S1018,24,Other,2,4.9,2.9,Yes,88.3,7.1,良好,2,High School,良好,5,No,43.9
S1019,19,男生,1.8,2.5,2.4,No,71.1,7.5,普通,1,High School,普通,2,No,45.3
S1020,22,女生,3.8,2.3,2.9,No,83,6.4,良好,3,Master,良好,1,No,58.5
S1021,21,男生,5.6,2.1,2.4,No,95.6,7.2,普通,1,High School,良好,3,No,82.5
S1022,18,Other,4.9,2.3,0.6,No,84.5,6,普通,3,High School,普通,7,No,98.7
S1023,24,女生,1.1,4.1,1.4,Yes,90,9,普通,6,Bachelor,良好,1,No,43.7
S1024,20,女生,2,0,0.9,Yes,81.8,5.5,普通,4,Bachelor,普通,2,No,54.9
S1025,22,男生,4.9,4.3,3.3,No,74.7,9,普通,1,High School,普通,2,Yes,69.9
S1026,22,男生,2,0.8,0.5,No,83.8,6.5,良好,4,Bachelor,差,4,No,73.5
S1027,18,男生,3.2,2.2,2.8,Yes,88.1,4.8,普通,5,Bachelor,普通,3,No,71.1
S1028,24,男生,4.3,2,2.8,Yes,78.4,8.1,良好,5,High School,差,3,Yes,82.8
S1029,20,女生,2,3.2,3.8,Yes,82.6,6.7,差,6,High School,差,10,Yes,75.7
S1030,21,女生,3.7,0.6,1.3,No,75.6,7.5,普通,2,Master,普通,5,No,70.6
S1031,17,Other,1.5,3.1,2.6,Yes,96.2,8,普通,4,Bachelor,普通,3,Yes,51.3
S1032,20,Other,2.6,4.9,4.3,No,82.1,6.9,良好,3,Bachelor,良好,7,No,52.1
S1033,18,女生,4,0.9,1.1,No,99.5,5.8,差,2,None,普通,5,No,70.7
S1034,22,女生,1.1,2.7,0.1,No,100,7.7,普通,1,High School,良好,4,No,51.2
S1035,21,女生,4.2,1.7,0,Yes,84.2,6.5,良好,1,Bachelor,普通,3,No,72.6
S1036,20,女生,3.5,3,2.6,No,74.9,7.3,普通,3,High School,良好,4,No,70.7
S1037,17,男生,4.3,2.5,0,Yes,64.1,3.9,良好,0,High School,普通,2,No,59.4
S1038,17,男生,3.8,1.7,1.4,No,70.3,7,差,0,Bachelor,良好,1,No,58.1
S1039,19,男生,5.5,3.1,2.3,No,71.3,5.7,良好,1,High School,普通,3,No,82.3
S1040,19,女生,3.7,4.7,2,No,98.8,8.5,良好,6,Bachelor,良好,2,No,69.7
S1041,23,女生,2.9,2.3,2.3,No,86.2,7.2,良好,6,Bachelor,普通,1,No,66
S1042,18,男生,3.7,3.4,2,No,88.9,6.8,普通,3,High School,差,1,Yes,63.5
S1043,24,女生,4.3,0.9,3.2,No,62.8,7.1,差,0,Bachelor,良好,2,No,65.7
S1044,20,女生,3.6,1.4,0.8,No,73,5.3,良好,4,High School,差,9,No,78.5
S1045,20,男生,3.6,3.1,1.1,No,93.9,8.4,普通,1,Bachelor,普通,5,Yes,75.1
S1046,24,男生,2.4,4.3,1,No,87.9,8.9,差,5,High School,普通,9,Yes,71
S1047,23,女生,2.5,2.9,2.7,No,83.5,7,良好,4,None,良好,8,Yes,59.7
S1048,22,女生,1.4,2.1,2.8,No,90.6,8.4,普通,3,Bachelor,良好,6,No,52.6
S1049,22,女生,6.1,2.5,2.3,No,100,5.8,差,5,High School,普通,1,No,96.5
S1050,23,女生,1.6,1,3.1,No,82.8,5.5,普通,4,Master,良好,10,Yes,62
S1051,22,女生,2.5,3.2,0.5,No,85.7,6.5,差,0,High School,普通,5,No,59.7
S1052,19,女生,2.4,3.6,3.6,No,86.9,7,普通,6,High School,普通,1,No,48.4
S1053,20,女生,4.8,2,3.5,No,100,6,良好,0,Bachelor,良好,7,Yes,70.6
S1054,23,女生,3.1,1.9,2.6,Yes,64,7.1,普通,5,High School,良好,10,No,68.1
S1055,20,男生,5.4,2.8,3.8,No,91.8,6.9,良好,2,High School,良好,8,No,87.2
S1056,24,男生,2.5,2,0,No,83.9,5.3,良好,6,Bachelor,普通,8,No,66.7
S1057,17,男生,3.9,2.4,1.2,No,90.7,7.1,良好,1,Bachelor,普通,7,Yes,75.2
S1058,19,女生,2.2,5,1,No,78.4,7.5,差,5,Master,普通,2,Yes,46.4
S1059,21,女生,6.7,2.2,2.6,No,84.5,6.7,良好,3,Master,普通,5,Yes,97.1
S1060,19,女生,1.7,2.1,0.6,Yes,92.1,7.9,普通,1,High School,普通,4,No,61.2
S1061,23,男生,4,1.7,2.6,No,100,5,普通,4,Bachelor,良好,5,No,75
S1062,21,男生,4.5,3.4,3.3,Yes,93.1,7.1,良好,6,High School,良好,10,No,94.7
S1063,17,男生,4.1,2.3,2.6,Yes,76.5,5.1,普通,3,Bachelor,普通,9,No,77.6
S1064,23,男生,3.2,1.7,2.1,No,80.8,5.2,良好,3,High School,差,4,Yes,68.6
S1065,18,女生,3.3,4.1,0.7,No,80.5,5.7,差,0,Master,良好,8,No,69.6
S1066,20,男生,3.6,4.2,0.9,No,67,5.4,良好,4,Bachelor,普通,8,No,66.5
S1067,17,男生,3.3,1.8,3.2,No,81.7,5.8,差,0,Master,良好,2,No,62.2
S1068,20,女生,4.9,0.3,2.7,Yes,92.3,6.2,良好,0,Bachelor,差,6,No,82.1
S1069,22,男生,6.8,3.7,1.8,No,72.3,7.5,差,6,Master,普通,5,No,100
S1070,18,女生,2.7,1.7,1.3,No,95.5,6.1,差,2,Bachelor,良好,2,Yes,59.7
S1071,18,女生,1.4,3.4,0,No,89.9,4.6,普通,0,High School,差,10,Yes,55.1
S1072,17,男生,3.4,0.1,0.6,No,77.7,7.9,普通,1,High School,普通,4,Yes,77.1
S1073,18,女生,7.4,3.6,3.9,No,83.6,5.5,普通,3,High School,普通,7,Yes,97.7
S1074,21,女生,2.3,1,0.4,No,100,6.4,普通,6,None,良好,1,No,66.9
S1075,18,女生,6,3.4,2,Yes,92.3,7,普通,0,Bachelor,良好,9,Yes,99.9
S1076,20,男生,6,2.5,2.9,No,85.1,6.7,差,5,Bachelor,普通,10,Yes,100
S1077,20,女生,2.7,1.4,0.4,No,82.6,7.8,普通,1,Bachelor,差,1,No,57.2
S1078,23,女生,4.4,2,2,Yes,85.8,7.1,良好,4,Master,良好,5,No,77.3
S1079,20,男生,5.9,3.3,2.8,Yes,79.9,5.5,良好,3,Master,普通,7,No,91.6
S1080,23,男生,2.9,2.6,1.8,No,64,9.1,良好,6,High School,良好,8,No,70.7
S1081,20,Other,3.2,3.2,5,No,100,6.7,良好,5,High School,差,2,No,57.6
S1082,21,女生,2.6,4.9,0,Yes,86.6,6.3,普通,6,High School,差,4,No,60.2
S1083,24,男生,2,0.6,3,No,89,7.7,差,6,High School,良好,2,Yes,50.5
S1084,23,女生,2.5,4.4,1.6,No,84.4,6.8,普通,5,Bachelor,普通,4,No,51.3
S1085,19,男生,1.7,2.6,2.6,No,77.6,7,良好,4,Bachelor,良好,6,No,53.5
S1086,22,男生,3.6,1.4,2.3,No,83.1,9.5,良好,5,Bachelor,差,6,No,79.2
S1087,17,男生,2.3,0.9,1,No,69,6.2,普通,1,Master,普通,2,Yes,47.2
S1088,20,男生,3.9,2.3,2.1,No,100,6.1,差,6,Bachelor,良好,4,No,73.4
S1089,18,男生,1.2,3.6,0,No,72.7,6.6,差,4,High School,普通,4,Yes,41.1
S1090,24,男生,4,2.3,2.5,No,74.7,7.8,普通,6,Bachelor,良好,1,No,77.8
S1091,20,女生,4.8,4.3,2.1,No,80.6,4.7,普通,5,High School,普通,2,No,63.4
S1092,18,男生,0.5,0.8,2.5,Yes,97.9,4.1,差,4,High School,良好,3,No,43.9
S1093,22,男生,4.1,2.5,3,No,85.1,5.8,良好,4,None,良好,5,No,70.2
S1094,22,女生,5.3,1,2.2,No,72.6,4.5,普通,0,High School,普通,8,No,81.3
S1095,22,男生,1.7,2.9,2,No,97.5,6,良好,0,High School,良好,6,No,50.2
S1096,18,女生,6,3.6,0.8,No,92.3,7.1,良好,0,High School,良好,3,No,87.9
S1097,20,男生,4.1,2,1,No,90.4,5.4,良好,5,Bachelor,普通,6,No,80.9
S1098,22,男生,2.4,0,3.1,No,92.2,4.8,良好,3,Bachelor,良好,7,Yes,63.9
S1099,21,男生,3.4,2.7,3.4,No,100,6.6,良好,1,High School,良好,6,No,65.6
S1100,23,男生,4.3,3,1.5,No,100,7.5,良好,5,None,普通,10,Yes,93.2
S1101,18,男生,3.6,3,1.9,No,78.1,4.5,良好,6,Bachelor,普通,6,No,74
S1102,18,男生,4.3,4,0.8,No,100,7.5,普通,0,None,普通,1,No,60.8
S1103,20,男生,2.1,1.2,3.1,No,88.8,7.5,良好,4,Master,普通,3,No,50.4
S1104,18,男生,3.8,3.3,2.5,No,90,7.6,良好,5,Bachelor,良好,7,No,74.3
S1105,18,男生,1.4,3.9,3.9,Yes,68.1,8,良好,4,High School,普通,4,Yes,32.8
S1106,22,男生,3.3,0.4,0.8,No,83.3,9.1,良好,6,High School,良好,4,Yes,82.3
S1107,20,男生,2.1,2.9,1.4,No,76.9,6.1,普通,4,None,普通,7,No,60.4
S1108,22,女生,2.4,1.9,2.1,No,93.3,6.6,差,4,High School,普通,9,Yes,60
S1109,23,女生,5.4,2.4,2.5,No,95.7,6,普通,2,High School,良好,2,No,77.5
S1110,24,男生,5.1,2.9,1.6,No,64.3,6.5,普通,3,Bachelor,普通,9,Yes,86.5
S1111,23,女生,4.4,1.9,0.8,No,84.8,8.3,良好,1,High School,普通,3,No,76.9
S1112,24,女生,1.9,1.7,2.8,No,96.2,4.9,普通,1,Bachelor,差,6,Yes,43.9
S1113,22,男生,3,2.5,2.6,No,83.1,5.5,普通,0,Bachelor,普通,4,No,51.3
S1114,23,女生,5.3,1.2,0.8,No,92.3,8.2,普通,2,High School,普通,1,No,83.3
S1115,20,女生,3.7,1.2,3.3,No,88.5,7.7,差,5,None,良好,9,No,82.7
S1116,17,男生,7,3.3,3.1,No,88.4,6.1,良好,5,None,普通,6,Yes,94.8
S1117,22,男生,4.1,1.1,1.9,No,82.3,7.5,良好,1,None,良好,8,No,80.8
S1118,24,女生,3.8,3.3,1.9,No,72.8,6.9,差,3,Bachelor,良好,2,Yes,58.3
S1119,21,女生,3,3.1,2.4,Yes,73.8,8.3,普通,4,High School,普通,7,No,66.3
S1120,24,男生,3.7,0.4,0.9,No,92.1,6.6,普通,6,Bachelor,普通,6,No,87.9
S1121,21,男生,3.3,1.7,1.8,No,85.2,7.7,差,0,High School,良好,2,No,60.5
S1122,18,男生,4.6,3.9,0,No,83.6,9.7,差,3,High School,良好,2,No,84.8
S1123,23,女生,4.9,1.3,2.8,No,80.8,7.2,良好,1,Bachelor,普通,4,No,77
S1124,21,女生,2.3,1.9,0.1,No,81.9,6.6,普通,2,Bachelor,普通,4,No,61.7
S1125,24,男生,1.5,3.1,3.5,No,95.5,7.4,普通,0,High School,普通,3,No,44
S1126,18,男生,0.7,3.4,1.4,Yes,81.6,6.1,差,1,High School,差,8,No,42.4
S1127,17,女生,4.3,2.2,1.6,No,71.6,9.4,良好,5,Bachelor,良好,7,No,88
S1128,20,男生,1.8,1.8,1.1,No,92.4,6.7,良好,0,High School,良好,2,No,48.7
S1129,20,男生,0.3,4.2,1.5,No,83,6.2,良好,1,High School,普通,3,Yes,26.8
S1130,20,女生,4.1,4.6,3.4,No,85.3,5.5,差,5,Bachelor,良好,10,No,81.6
S1131,21,女生,7.2,3.7,0,No,100,7.8,良好,6,High School,良好,9,No,100
S1132,17,女生,3.5,2.6,3.2,Yes,84.8,7.5,普通,5,Bachelor,普通,5,Yes,74
S1133,21,女生,4.8,1.5,2.2,No,87.9,5.9,普通,4,Bachelor,差,2,Yes,78.4
S1134,23,男生,3.6,1.5,0.5,No,73.2,7.2,普通,2,Bachelor,良好,3,No,70.7
S1135,21,男生,3.4,3.1,0.6,No,82.8,4.7,普通,4,Bachelor,良好,8,No,74.3
S1136,17,女生,4.9,3,3.6,No,91.1,6.7,良好,1,Bachelor,良好,4,No,67.6
S1137,17,男生,3.1,4.2,0.8,No,69.4,7,良好,6,Bachelor,差,2,No,64.7
S1138,23,男生,3.9,3.3,0.5,No,87,8.5,普通,3,Master,普通,2,No,64.1
S1139,17,男生,4,0.7,3.1,No,86,5.6,良好,6,High School,差,6,No,83.5
S1140,24,男生,2.5,3.8,2.2,No,85.4,5,良好,6,High School,良好,8,No,63.4
S1141,17,男生,5,1.3,0.8,No,95.4,5.4,良好,6,Bachelor,良好,7,No,96.2
S1142,20,男生,3.2,2,2,No,88.3,4.9,普通,4,Bachelor,差,4,Yes,65.4
S1143,24,男生,2.4,2.8,0.7,No,99.8,8.1,普通,3,None,良好,2,No,62
S1144,24,男生,4.3,4.9,3,No,75.1,8.4,普通,5,Master,良好,9,Yes,74
S1145,23,女生,2.2,6.2,3,No,86.4,6.9,良好,1,None,良好,4,No,46.7
S1146,19,女生,3.5,3.2,2.4,No,85.8,8,差,2,Bachelor,良好,9,No,75.5
S1147,19,女生,3.5,2.3,2.2,No,74.3,6.7,普通,3,Bachelor,差,5,Yes,78.1
S1148,17,女生,5.1,3.1,3.7,No,94.6,6.4,普通,1,Master,良好,7,No,85.2
S1149,24,女生,4.2,3.6,1.8,Yes,100,6.1,普通,3,None,差,5,No,75.4
S1150,19,男生,3.5,2.1,0.5,Yes,84.8,6.1,良好,4,Bachelor,普通,2,No,64.2
S1151,19,女生,4.7,4.7,2.3,No,90.1,4.6,良好,1,High School,良好,6,No,69.7
S1152,17,女生,5.6,2.8,4.1,No,85.8,6.8,良好,4,High School,良好,7,No,90.3
S1153,19,女生,4.3,3.1,0.7,No,77.9,6.5,良好,0,None,普通,6,No,81.4
S1154,21,男生,3.5,3.3,1.4,No,66.8,7.4,普通,1,Bachelor,良好,3,No,65
S1155,18,男生,1.5,3,2.3,No,77.9,6.6,普通,3,High School,良好,10,No,57.3
S1156,23,男生,1.9,3.5,1.7,Yes,71.1,6.3,普通,0,High School,良好,8,No,57.7
S1157,18,男生,3,1.8,0.7,No,100,5.5,差,4,Bachelor,差,3,No,56.7
S1158,17,女生,2.6,1.8,3,No,83.8,6.6,普通,4,Bachelor,良好,5,Yes,62.3
S1159,20,女生,3.2,1.2,4.4,No,81.5,7.4,良好,3,Bachelor,普通,9,No,77.9
S1160,23,男生,3.6,3,2,No,93.9,5.1,普通,0,Master,普通,5,No,65.2
S1161,17,Other,4.3,3.4,0.8,No,73.8,6.6,良好,6,High School,普通,7,No,76.8
S1162,24,女生,3.4,3,0.1,No,77.3,6.8,普通,5,Master,普通,7,No,83.8
S1163,20,男生,4.2,4.5,2.1,No,85.7,5.6,差,2,Master,良好,5,No,70.6
S1164,18,男生,3.6,2.5,3,No,95.3,5.8,差,3,High School,普通,2,Yes,63.1
S1165,17,男生,0.5,3.3,2.3,No,90,6.8,普通,4,High School,良好,5,No,39
S1166,24,男生,2.1,1.2,1.8,No,87.5,5.1,普通,1,High School,普通,7,No,66.7
S1167,23,男生,3.3,2,1.2,Yes,85.8,6.9,差,0,High School,良好,7,No,72.2
S1168,23,男生,1.7,3.3,0.6,No,89,5.4,普通,5,Bachelor,良好,4,Yes,50.1
S1169,22,男生,4.4,3.5,2.7,Yes,87,7.8,普通,2,Bachelor,良好,1,No,62.4
S1170,24,男生,5.8,2.1,2.8,No,74.7,9.3,普通,1,Bachelor,良好,6,No,96.6
S1171,21,女生,5.3,2.4,0.1,No,85.5,5.5,良好,0,Bachelor,良好,3,Yes,85.8
S1172,19,男生,3.2,0.7,3.5,No,74.3,7.1,良好,5,High School,良好,5,No,68.3
S1173,20,女生,5.7,2.1,2.4,No,85.8,5.6,普通,3,Master,良好,4,Yes,83.8
S1174,24,男生,3.7,3.6,3.3,Yes,80.2,7.7,良好,5,High School,差,2,No,69.3
S1175,22,Other,3,3.2,0.3,No,100,5,良好,3,Master,良好,7,No,65.3
S1176,19,男生,2.6,3.1,0.3,No,84.6,7.1,良好,6,High School,普通,5,Yes,77.5
S1177,19,男生,3,2.6,1.6,No,71,5.5,普通,0,Master,普通,7,Yes,55
S1178,17,Other,2.9,2.5,2.4,Yes,83.7,6.3,差,5,None,良好,9,No,65.2
S1179,19,女生,3.8,1.7,3.8,No,90.2,5.3,良好,2,High School,普通,4,No,58.1
S1180,21,女生,3.7,3.3,2.6,Yes,100,7.5,普通,5,None,良好,5,No,69.2
S1181,23,男生,3.5,3,1.5,Yes,79.1,5.5,良好,0,Bachelor,普通,9,No,67.4
S1182,22,男生,4.2,3.1,0.7,No,69.2,7.2,良好,1,Master,差,10,No,79.9
S1183,19,女生,5.3,1.9,3.2,No,93.2,6.1,普通,1,High School,普通,4,Yes,85.7
S1184,17,女生,4.9,0,0.7,No,71.2,6.4,普通,5,Master,差,5,No,96.2
S1185,21,女生,1.3,3.8,3.6,Yes,80.6,6.7,普通,5,Bachelor,良好,5,No,40.4
S1186,18,女生,0,1.9,1.5,No,82.4,5.6,普通,3,Bachelor,普通,8,No,55.2
S1187,23,男生,4.9,1.5,3.5,No,84.3,6.8,普通,0,Bachelor,普通,4,No,73.8
S1188,23,女生,1.4,3.3,2.5,No,91.9,8.3,普通,3,High School,差,4,Yes,46.5
S1189,22,男生,3.2,2,1.6,No,78.2,5.6,普通,2,High School,普通,7,Yes,60.5
S1190,23,男生,1.7,3.8,1.2,No,82.3,7.9,差,6,Master,良好,5,No,55.4
S1191,19,男生,0.8,3.2,1.4,No,84.9,8.3,良好,1,Master,普通,6,No,45.1
S1192,17,女生,4.3,3.3,2.3,No,86.5,5.5,差,4,Master,良好,6,No,69.4
S1193,23,男生,4.6,0.9,1.9,No,86,4.8,良好,4,Master,良好,6,No,81.3
S1194,23,男生,2.6,4,1.1,No,89.4,6.9,良好,0,High School,良好,10,No,66.6
S1195,18,女生,0,2.8,1.6,No,93.4,5.8,普通,0,Bachelor,良好,5,No,26.7
S1196,18,男生,2.7,2.1,1.9,No,88.9,8.7,良好,4,High School,差,5,No,64.5
S1197,20,女生,4.1,2.7,0,No,89.5,6.5,普通,0,Master,普通,9,Yes,87.1
S1198,21,男生,1.3,0.4,2.3,Yes,69.2,5.5,良好,1,High School,良好,8,Yes,42.2
S1199,19,女生,3.8,3,0.7,No,85.5,5.1,普通,2,Bachelor,良好,4,No,61.6
S1200,23,女生,3.5,1.3,0.5,No,89.8,7.8,普通,2,Bachelor,良好,7,No,81.9
S1201,24,男生,4.4,0.9,0,No,92.3,5.8,普通,3,High School,良好,8,No,96.5
S1202,23,男生,3.7,0.7,0,No,78.1,6.6,普通,1,None,普通,9,No,85.1
S1203,17,男生,2,3.8,0.3,No,78.4,7.6,普通,6,Master,差,5,No,58.5
S1204,20,男生,5.3,1.7,1,No,79.3,5.9,普通,0,Bachelor,良好,3,Yes,78.4
S1205,21,Other,3.3,4.3,3.9,No,90.4,6.4,普通,0,High School,良好,4,No,56.4
S1206,24,男生,3.5,1.9,1.2,No,95.3,6.5,差,6,Bachelor,普通,10,Yes,92.6
S1207,20,女生,2.1,0.5,2,No,80.9,7.3,差,3,Bachelor,良好,6,Yes,62.3
S1208,22,男生,2.8,1.2,2.2,Yes,94.1,7.2,普通,3,High School,普通,10,No,75.8
S1209,21,女生,2.2,4,1.9,No,86.2,6.2,差,0,High School,普通,5,Yes,47.1
S1210,23,女生,3.2,2.3,1.7,Yes,83.8,6.6,差,0,Master,良好,9,No,66.3
S1211,23,女生,6.1,1.8,0.5,No,82.9,6.1,良好,6,Bachelor,良好,3,Yes,98.3
S1212,21,男生,1.4,2.7,3.4,No,92.5,4.7,差,1,Bachelor,普通,2,Yes,29.7
S1213,23,男生,1.1,3.1,3.8,No,88.3,6.8,良好,6,Bachelor,差,6,No,45.5
S1214,19,男生,5.7,3.8,0,No,100,8.8,普通,3,None,普通,7,No,100
S1215,21,女生,3.2,4.2,0.7,No,76.5,5.4,良好,6,High School,良好,5,Yes,67.5
S1216,20,女生,2.5,2.1,1.5,No,90.2,5.6,普通,6,High School,普通,1,Yes,60.3
S1217,21,Other,5.1,0.9,0.7,No,79.7,5.5,普通,6,High School,良好,3,No,87
S1218,24,男生,2.6,2,2.4,No,76.3,7.4,普通,1,Bachelor,良好,3,No,48.5
S1219,23,女生,6.2,2.8,1,No,84.9,7,普通,5,Master,良好,4,No,100
S1220,19,女生,4.5,1.3,4.2,No,86.4,6.3,普通,0,High School,普通,10,No,82.1
S1221,19,男生,2.8,1.4,3.1,No,100,5.4,差,4,High School,良好,6,Yes,63.7
S1222,22,男生,6.7,2.9,2,No,83.2,6.6,良好,6,Bachelor,普通,5,No,100
S1223,20,女生,2.6,2.4,2.9,No,73.7,4.6,普通,4,Master,普通,1,No,41.9
S1224,18,女生,4.6,2.5,3,No,87.7,6.7,普通,5,Bachelor,差,6,No,72.7
S1225,18,女生,3.9,1.6,1.2,No,64.3,7.5,良好,0,Master,普通,9,Yes,74.3
S1226,21,男生,5.5,2.2,0.9,Yes,84.1,5,普通,3,Bachelor,良好,1,No,88.7
S1227,22,女生,5.8,1.4,1.9,No,85.2,4.7,良好,4,Bachelor,普通,8,Yes,96.6
S1228,17,男生,3.5,3.6,2.7,No,92.9,8.4,普通,3,High School,普通,8,Yes,72.6
S1229,21,男生,2.4,3.7,2,No,94.7,5.8,良好,4,High School,良好,3,Yes,52.4
S1230,22,男生,4.2,0.3,0.1,No,80,7.9,差,3,High School,差,9,Yes,100
S1231,20,女生,2.5,1.4,0.9,No,83.5,6.3,良好,6,Bachelor,良好,8,No,73.1
S1232,20,女生,6.5,0.7,1.7,No,77.3,6.3,良好,4,Master,普通,3,No,100
S1233,20,女生,3.7,1.7,1.7,No,73.7,7,普通,3,Master,差,10,Yes,80.8
S1234,20,男生,3,2.4,4,No,88.1,5.4,差,5,High School,良好,5,No,62.9
S1235,20,女生,3.8,0.8,0.3,No,72.3,6.7,普通,1,High School,差,3,No,71.5
S1236,22,男生,1.5,1.4,2.4,No,80.9,6,良好,3,High School,良好,5,No,46.2
S1237,22,女生,2,1.3,3.4,Yes,75,4.9,普通,1,High School,普通,9,No,53.8
S1238,19,男生,5.3,2.7,4.3,No,90.5,6.9,普通,1,Bachelor,差,4,Yes,74.2
S1239,24,男生,2.5,2.6,1.4,No,100,6.2,差,0,Master,差,6,No,52.5
S1240,18,男生,1.9,1.6,2.3,No,72,6.3,普通,6,Master,差,3,No,51.2
S1241,23,男生,4.3,2.7,2.4,Yes,66.5,5,普通,5,Bachelor,差,3,No,60.6
S1242,20,女生,5.3,1.8,2,No,83.8,8.4,良好,1,Bachelor,良好,5,No,91.5
S1243,17,女生,4.6,2.2,1.7,No,85.2,7.6,普通,2,Bachelor,普通,8,No,87.3
S1244,23,男生,5,4.5,2.3,No,87.2,7.7,良好,6,High School,普通,8,No,98
S1245,22,女生,2.4,4.1,0,No,80.5,6.1,普通,1,Bachelor,普通,3,Yes,47.9
S1246,17,男生,1.4,0.9,2.6,Yes,83,4.4,差,3,Bachelor,良好,8,No,51
S1247,17,女生,5.8,3.5,1.9,No,88.7,8.8,普通,1,Bachelor,良好,8,Yes,90
S1248,17,女生,3,3.5,1.6,No,95.4,6.4,普通,3,High School,良好,3,No,54.1
S1249,19,女生,3.1,1.1,4.1,No,65.4,5.6,良好,3,High School,良好,10,Yes,58.4
S1250,22,男生,5.5,3.5,1.1,Yes,81.3,7,良好,2,High School,普通,10,No,100
S1251,17,女生,4.3,4.3,1.4,No,87.1,7.9,普通,1,Master,普通,2,No,65.2
S1252,20,女生,4.2,1.2,4,No,75.8,6.5,普通,1,High School,良好,10,No,85.3
S1253,21,男生,6.7,1.4,0.9,No,100,8,普通,4,Bachelor,良好,2,No,93.8
S1254,17,男生,2.5,3.7,1.2,Yes,78.6,7.8,良好,6,Bachelor,普通,9,No,78.8
S1255,19,女生,4.9,2.8,1.6,No,84.6,5.2,良好,4,High School,普通,7,No,85
S1256,23,女生,3.6,3.2,2.7,No,90.6,5.7,良好,0,Bachelor,良好,6,No,64.5
S1257,22,女生,3.9,2.9,2,No,79.1,7.6,普通,3,Master,良好,7,No,71
S1258,24,女生,5.8,3,0.4,No,66.5,3.2,普通,2,High School,普通,8,No,90.8
S1259,19,女生,4.3,0.9,1.2,No,80.7,6.3,普通,4,Master,良好,1,No,72.6
S1260,17,男生,4.3,3.8,1.1,No,95.3,4.8,普通,1,High School,普通,8,No,70.9
S1261,22,男生,5.1,3.9,1.7,Yes,81.6,5.9,普通,0,None,差,3,Yes,65.1
S1262,21,男生,3,2.2,2.3,No,76.5,6.1,差,2,Master,普通,3,No,49.1
S1263,17,女生,2.2,2.4,2.3,Yes,94.3,6.1,差,5,Bachelor,普通,6,No,62.7
S1264,19,男生,1.9,0.7,0,No,81.7,5.8,良好,1,Master,差,4,No,51.5
S1265,18,女生,0.6,3.1,3,No,79.9,5.2,良好,1,Bachelor,良好,4,No,18.4
S1266,20,女生,6.6,3.2,2.1,No,86.5,9.3,普通,5,Master,普通,4,Yes,100
S1267,24,女生,1.8,2.4,3.3,Yes,92.7,8.7,普通,3,Bachelor,良好,10,No,53.3
S1268,23,男生,3.2,3.8,2.3,No,100,5.1,普通,3,Bachelor,差,9,No,76.1
S1269,19,女生,3.1,2.1,3,No,93.3,8.4,良好,4,Bachelor,普通,8,No,85.6
S1270,22,男生,4,3.2,2.3,Yes,96.6,6,良好,4,High School,良好,3,Yes,63
S1271,24,女生,4.7,1.3,3.3,Yes,79.9,6.7,良好,1,Master,良好,1,No,73.6
S1272,24,男生,4.8,2.5,2.4,Yes,74.7,6.4,良好,6,High School,良好,1,No,76.2
S1273,24,男生,2.6,2.3,1.7,No,85.6,5.7,普通,1,Bachelor,良好,1,Yes,45.5
S1274,17,女生,3.2,2.8,4.3,No,86.1,7.7,普通,4,High School,普通,4,Yes,58.6
S1275,20,男生,3.9,2.1,2.8,No,74.2,6.7,普通,5,Bachelor,普通,6,No,77.8
S1276,17,男生,3.1,2.3,2.4,Yes,83.2,5.9,普通,4,High School,良好,4,Yes,61.5
S1277,22,女生,5.9,3.5,0.4,No,89,4.9,良好,1,None,良好,3,No,71.4
S1278,17,女生,4.2,2,0.4,No,88.6,5.4,普通,2,Master,良好,8,Yes,93.9
S1279,18,女生,4.6,0.6,2.1,No,90,4.5,差,1,High School,良好,8,No,85.9
S1280,20,女生,4.5,4.6,2,No,87.9,6.5,普通,2,Bachelor,良好,6,No,73.8
S1281,20,女生,5.3,4.2,1.1,Yes,79.9,5.1,良好,2,High School,普通,9,No,83.3
S1282,22,男生,3.8,0.9,2,Yes,79.9,6.2,普通,1,None,良好,10,No,79.7
S1283,23,男生,1.6,3.3,3.5,Yes,73,8.1,良好,6,High School,良好,1,No,47.1
S1284,18,男生,4.1,1.9,2.6,No,100,7.9,普通,6,Bachelor,良好,8,No,91.9
S1285,19,女生,2.5,2.8,0.5,Yes,85.1,6.5,差,0,None,差,6,Yes,60.6
S1286,17,女生,2.7,2.9,1.7,No,82.8,6.4,普通,4,Master,普通,1,No,46.6
S1287,21,男生,4.4,2.2,0.9,No,75.7,8.8,良好,6,High School,差,4,Yes,84.2
S1288,17,男生,5.4,1.6,1.4,No,100,7.1,普通,3,High School,普通,5,No,95.5
S1289,24,女生,3.5,1.7,1.3,No,74.3,6.1,良好,1,High School,良好,7,Yes,73.5
S1290,17,男生,4,1.4,1.3,No,80.7,4.8,普通,2,None,差,8,No,75.9
S1291,19,女生,6.1,1.5,0.4,No,89.2,7,差,1,Bachelor,普通,9,No,100
S1292,17,女生,3.9,2.4,1.7,Yes,91,7.5,良好,4,Master,普通,6,Yes,74.2
S1293,18,女生,7.4,1.6,1.2,No,94.6,5.7,普通,5,Bachelor,良好,10,Yes,100
S1294,18,男生,4.3,3.3,0,No,100,6.8,普通,6,High School,普通,9,No,94.9
S1295,20,女生,0.9,4.3,4.1,No,90.1,6.1,良好,6,High School,普通,4,No,27.6
S1296,22,女生,4.6,1.8,3,No,74.4,6.3,普通,6,High School,普通,8,No,86.2
S1297,23,女生,4.1,2.8,1.4,No,82.4,3.5,良好,2,Master,普通,3,No,60.1
S1298,21,女生,5.4,3.1,1.8,No,88.1,6.2,差,3,High School,普通,4,Yes,91.3
S1299,24,女生,4.5,3.1,0.5,No,100,7.7,普通,3,Bachelor,普通,10,No,93.8
S1300,17,女生,3.3,2.6,3.7,No,71,5.7,差,6,High School,良好,4,Yes,61.6
S1301,17,男生,1.7,3.4,3.9,Yes,97,6.6,良好,3,High School,普通,6,No,41.7
S1302,19,女生,3.2,3.1,2,No,86.8,5.6,普通,5,High School,差,9,No,74.5
S1303,22,女生,2.2,1,2.9,No,93.4,6.9,良好,6,None,良好,6,No,63.7
S1304,18,男生,2.6,3.5,2,No,84,6.2,良好,0,Bachelor,普通,1,No,39.6
S1305,21,女生,4.4,3.6,0.3,No,76.6,5.4,普通,2,High School,良好,5,Yes,87.5
S1306,20,女生,6,1.6,1.3,No,92.5,8.1,普通,5,Bachelor,普通,9,No,100
S1307,18,女生,4.1,2.5,1.9,Yes,91.5,7.6,普通,2,None,良好,5,No,75.4
S1308,24,男生,1.7,3.3,1.3,No,94.7,5.8,普通,6,Master,良好,6,Yes,61.5
S1309,22,男生,4.2,2.2,1.6,No,84.9,7.1,普通,5,High School,良好,3,Yes,73.3
S1310,24,Other,5.3,3.8,1.7,No,79,7.1,良好,6,Master,普通,8,No,96.3
S1311,23,女生,2.6,5.3,1.7,Yes,69.4,7.3,良好,5,Bachelor,普通,10,No,67
S1312,20,男生,3.3,1.6,1.9,No,93.2,4.5,良好,6,Master,普通,4,No,70.1
S1313,23,女生,3.5,0.8,0.6,No,89.2,7.7,良好,0,High School,良好,4,No,84.2
S1314,19,女生,2.3,2.9,1,No,75.3,5.8,良好,2,Bachelor,良好,5,Yes,48.9
S1315,24,女生,4.5,3.4,0.4,No,79.6,6.1,普通,5,High School,差,10,No,98.8
S1316,19,女生,3.3,2.2,2.9,Yes,80.3,9.7,良好,0,High School,差,9,No,76.1
S1317,17,男生,4.1,4.2,0,No,70.2,6.9,良好,1,High School,普通,8,Yes,80.4
S1318,23,男生,2.2,0.9,3.1,No,76.8,6,普通,6,High School,差,7,No,64.1
S1319,22,男生,2.8,3.3,3.3,No,73.7,3.9,良好,4,Master,普通,5,Yes,59.4
S1320,24,女生,4.6,1.8,1.5,No,80.9,8.2,普通,5,None,差,9,Yes,94.2
S1321,21,男生,2.9,4.6,0,Yes,77.6,4.9,良好,3,Bachelor,良好,9,Yes,67.8
S1322,20,男生,6.1,4.9,1.4,No,68.7,5.3,良好,0,Bachelor,良好,10,No,96.1
S1323,18,男生,2.9,1.6,1.7,No,100,6.1,良好,0,Bachelor,良好,10,No,70.2
S1324,22,女生,3.8,1.8,0.7,No,97.5,8.2,普通,5,Bachelor,普通,2,No,84.2
S1325,22,女生,4.9,3.5,1.2,No,77.2,7.4,良好,0,High School,良好,4,No,75.4
S1326,19,男生,1.4,2,3.5,No,87.7,6.3,普通,1,Bachelor,良好,8,No,41.7
S1327,23,男生,0.9,2.4,2.5,No,89.2,6.9,普通,0,High School,差,1,No,23.1
S1328,24,女生,1.2,2.5,0.8,Yes,96.9,5.8,良好,4,Master,良好,5,No,50.3
S1329,24,男生,5.4,0.2,0,No,76.8,6.7,普通,4,Bachelor,普通,8,No,100
S1330,17,男生,2.7,2.5,1.4,No,95.9,6.6,良好,6,Master,普通,2,No,52.2
S1331,17,男生,7.3,1.7,1.6,No,79.5,7.7,普通,6,None,普通,2,Yes,100
S1332,20,男生,2.7,1.9,2.3,No,71.6,7.7,普通,3,High School,差,8,No,71.2
S1333,19,男生,3.8,4.2,1.2,No,92.2,7.1,良好,1,High School,良好,10,No,72.3
S1334,22,女生,5.8,1,2.4,No,97.9,6.1,普通,4,None,普通,9,No,100
S1335,24,男生,6.5,3.5,3.9,No,100,7.4,差,5,High School,普通,7,Yes,100
S1336,21,女生,6.6,2.2,2.7,No,73,6.4,良好,2,Bachelor,差,8,Yes,100
S1337,19,男生,5.3,2.2,1.7,No,92,5.2,普通,2,High School,良好,5,No,93.1
S1338,20,女生,5,3.4,1.6,Yes,80.9,6,良好,2,Bachelor,普通,1,Yes,67.7
S1339,20,女生,4.4,2.9,1.4,No,92.8,6.6,普通,6,Master,良好,4,Yes,77.9
S1340,19,男生,4.7,3.2,3.1,Yes,70.3,7.6,普通,5,Bachelor,良好,2,No,80.3
S1341,20,女生,2.7,3.7,1.1,No,72.4,6.3,普通,0,High School,普通,3,No,44.3
S1342,19,男生,2.3,2.1,1.8,No,77.2,5,普通,5,High School,普通,3,No,54.7
S1343,18,Other,3.5,1.8,1.9,No,85.8,6.6,普通,0,High School,良好,9,No,85
S1344,19,男生,3.2,1.2,1.2,No,78.6,6.6,普通,2,High School,差,10,Yes,81.7
S1345,23,男生,2.8,1.5,0.3,No,91.6,6.7,普通,3,Bachelor,差,4,No,71.6
S1346,19,男生,4.5,6,2.2,Yes,95.3,7.6,差,3,High School,良好,2,Yes,73.7
S1347,20,Other,4.9,4,1.7,No,91,7.7,普通,0,Master,普通,3,No,77
S1348,24,女生,3.6,0.9,2.4,No,100,5.8,差,2,Bachelor,普通,3,No,72.3
S1349,23,女生,5.7,0.9,1.2,No,89.2,5.8,差,5,Bachelor,普通,7,No,100
S1350,20,男生,1.8,3.1,3.1,No,72.8,5.3,良好,3,High School,普通,8,No,54
S1351,17,女生,3.2,3.2,0.8,No,98.6,7.3,良好,0,High School,良好,6,No,70.4
S1352,17,男生,2.4,3.2,3.7,No,78.9,8.2,良好,5,Bachelor,良好,4,Yes,47
S1353,24,女生,0.7,2.2,0,No,94.1,6.1,普通,2,High School,良好,6,No,48.7
S1354,24,男生,3.4,2.3,2.3,No,100,6.2,良好,1,High School,良好,1,No,47.6
S1355,23,男生,3.3,2.9,2.3,Yes,89.6,8.3,良好,2,High School,普通,10,No,81.1
S1356,18,男生,5.8,2.6,0.9,Yes,70,7.1,良好,6,High School,普通,8,No,100
S1357,24,男生,4.4,0,2.3,No,75.8,7,普通,2,Bachelor,普通,1,No,81.9
S1358,17,女生,2,2.2,3.2,No,98.2,5.1,良好,5,High School,普通,5,No,56.3
S1359,19,男生,6.3,1.5,0,No,83.3,7.3,良好,5,Bachelor,良好,2,Yes,100
S1360,20,女生,5.3,2.7,2.4,Yes,85.8,5.4,良好,4,High School,良好,6,No,81
S1361,17,男生,4.4,6.1,0,No,92.6,5.1,差,4,Bachelor,普通,9,Yes,84.9
S1362,17,女生,3.2,2.9,0.7,No,92,6.1,普通,5,Master,差,5,No,67.9
S1363,18,男生,2.1,2.1,3.6,No,87.8,5.8,普通,5,Master,差,4,No,56.9
S1364,23,男生,2.9,3.6,1.2,No,82.9,6.2,普通,1,High School,普通,2,No,45.9
S1365,23,女生,5.1,3.1,0.5,Yes,81.9,4.8,良好,1,None,差,3,No,76
S1366,22,男生,6.3,3,1.6,No,93.6,7.7,差,2,High School,普通,6,Yes,94.8
S1367,18,男生,5.8,3.2,4.1,No,90.5,7.9,差,6,Bachelor,良好,8,No,99.3
S1368,19,女生,2.8,5,0,Yes,82.4,4.2,普通,3,Bachelor,良好,8,No,71
S1369,23,女生,1.8,1.1,0.6,Yes,95.8,7.7,差,6,Bachelor,普通,5,No,70.9
S1370,20,男生,3.7,3.1,3.4,Yes,83.7,5.5,普通,1,High School,普通,5,Yes,59.8
S1371,24,男生,0.8,1.4,3.8,Yes,76.5,7.5,良好,2,Bachelor,普通,10,No,36
S1372,18,女生,4,3.2,1.7,No,77.4,6.4,普通,6,High School,良好,3,No,68.4
S1373,24,男生,3.3,1.4,0.4,No,75.2,6.5,差,0,Bachelor,良好,7,Yes,72.9
S1374,17,男生,2.8,2,4.1,Yes,82.3,6.3,普通,4,High School,良好,6,No,57.3
S1375,20,男生,1.1,2.1,3.6,Yes,97.3,8,普通,6,Bachelor,普通,1,Yes,50.3
S1376,20,女生,4.3,3.7,2.5,No,76.9,5,差,3,None,良好,4,No,65.7
S1377,17,女生,2.7,3.6,0.9,No,86.9,7.2,良好,2,High School,差,6,Yes,67.9
S1378,18,男生,1.7,1,1.7,No,78.4,7.8,良好,6,Bachelor,良好,6,No,63.6
S1379,17,男生,0,2.6,1.6,No,82.4,7.4,良好,5,High School,普通,3,No,32.9
S1380,24,男生,3.5,1.6,2.2,No,69.9,9.3,良好,0,Bachelor,普通,6,No,67.7
S1381,22,女生,6.2,1,3.4,No,82.8,5.9,差,4,Bachelor,良好,10,No,100
S1382,20,男生,6,2.2,2.8,Yes,83.1,7.6,良好,0,Bachelor,普通,6,No,96.8
S1383,21,男生,2.8,2.1,0.6,No,90.4,6.4,良好,2,High School,差,9,Yes,71
S1384,21,女生,2.6,5.4,3.3,No,87.2,8,良好,1,High School,差,9,No,59.8
S1385,24,男生,4.2,3,2.1,No,73,6.5,差,4,Bachelor,差,2,No,64.2
S1386,19,女生,2,0.8,2.6,No,95.8,6,良好,0,High School,差,4,No,45.2
S1387,23,男生,4,1.8,3.4,No,87.1,8.1,良好,1,Bachelor,差,9,Yes,82.9
S1388,17,男生,4.6,3.7,0.6,No,87,5.9,良好,3,High School,普通,4,Yes,73.2
S1389,17,男生,5.3,5,1.8,No,84.9,4.8,差,2,High School,普通,8,No,79.6
S1390,19,女生,3.3,0.6,1.2,Yes,79.8,5.9,良好,2,High School,良好,10,No,73
S1391,19,女生,3.2,0.2,0.1,Yes,87.2,7.2,良好,4,None,普通,3,No,72.6
S1392,24,女生,2.2,4.7,2.2,No,89.8,8.2,良好,0,High School,差,3,No,45.2
S1393,24,男生,2.3,3,4.6,No,67.5,6.6,普通,3,Bachelor,普通,9,No,51.8
S1394,19,女生,3.2,1.5,0,No,79.6,8.1,良好,5,Bachelor,良好,10,No,92
S1395,20,男生,4.1,3.1,1.8,No,82.5,4.9,普通,4,High School,良好,8,No,77.8
S1396,24,男生,4.9,0,2.5,Yes,87.6,6,普通,5,Master,普通,1,No,97.2
S1397,22,女生,2.3,2.5,1.9,Yes,96.9,6.2,普通,4,Bachelor,良好,10,Yes,71.9
S1398,24,男生,5.7,2.9,1.7,No,77.3,6.4,良好,0,Master,良好,2,Yes,69.1
S1399,17,男生,3.1,3.6,0.4,No,80,6.6,差,3,Bachelor,良好,3,Yes,59.6
S1400,24,男生,3.5,1.3,2.1,No,79.9,7.3,普通,0,Bachelor,良好,2,No,60.4
S1401,20,男生,2.4,2.6,1,No,77,6,良好,2,None,良好,3,Yes,48.3
S1402,19,男生,0,1.4,0,No,81.5,6.7,良好,5,High School,良好,8,Yes,50.1
S1403,17,女生,4.8,2.8,3.1,No,92.7,6.4,普通,1,None,良好,6,No,74.9
S1404,24,男生,4.6,1.4,2.9,Yes,74.5,5.4,良好,6,Bachelor,普通,7,Yes,85.6
S1405,20,女生,3.1,2,1.9,No,89.3,6.4,良好,2,High School,良好,10,Yes,65.4
S1406,22,女生,3.6,1.3,2.1,No,68,6.3,差,2,Bachelor,良好,10,Yes,82.4
S1407,24,男生,4.3,3.3,3,No,79.4,6.3,普通,5,High School,差,6,Yes,67.3
S1408,20,男生,1.2,3.5,2,No,81.7,6.5,差,4,Bachelor,良好,1,No,34.3
S1409,22,男生,2.7,2.2,2.8,No,100,6.6,普通,2,High School,普通,3,No,53
S1410,19,女生,4.7,2.5,1.5,No,82.3,6,普通,6,High School,普通,1,No,78
S1411,24,男生,1.6,0.8,3.2,Yes,63,8,良好,3,High School,良好,10,No,58.2
S1412,22,女生,3.9,2.1,2.2,No,65,5.1,良好,2,High School,普通,9,No,73.7
S1413,17,男生,1.5,2.4,2,Yes,85.3,5.6,差,3,High School,普通,9,No,60.3
S1414,19,女生,4.2,5.6,0.4,No,91.1,9.8,差,0,Bachelor,差,5,Yes,78.7
S1415,17,男生,3.4,1.2,2.1,Yes,88.8,5.3,普通,4,None,普通,4,Yes,68.3
S1416,21,男生,1.1,4.3,0.9,No,86.7,4.9,普通,3,High School,普通,9,No,49.9
S1417,18,女生,5.2,3.7,1.1,No,96.6,7.4,普通,2,Bachelor,普通,9,Yes,100
S1418,24,女生,2.4,2.8,0.9,No,79.6,4,良好,4,None,普通,3,Yes,54.7
S1419,22,男生,2.3,4.6,0.6,No,93.9,6.2,良好,6,Master,良好,5,No,58.7
S1420,18,女生,3.8,2.9,4.1,Yes,68.7,9.1,普通,4,Master,良好,3,No,70.8
S1421,18,女生,5.2,3,3.3,No,76,4.6,良好,3,None,差,10,Yes,87.1
S1422,22,女生,2,2.4,3.9,No,66.9,4.1,普通,3,High School,良好,2,Yes,29.5
S1423,19,女生,3.6,4,0.5,No,82.3,4.7,良好,1,High School,差,1,No,53.2
S1424,24,男生,4.1,3.8,1.9,Yes,84.5,7.6,普通,1,Bachelor,差,10,No,73
S1425,21,男生,4.5,1.7,0.4,No,86.1,7.8,差,4,Bachelor,差,2,Yes,71.1
S1426,17,男生,3.8,0.9,1,No,85.6,5.9,良好,5,Bachelor,良好,8,No,80.9
S1427,20,女生,2.9,2.3,0.8,Yes,75.7,7.3,普通,5,Bachelor,良好,8,No,75.1
S1428,17,女生,2.3,1.5,3.2,No,83.1,8.2,良好,1,High School,普通,3,No,52.4
S1429,20,男生,3.6,2.4,1.4,No,70,8.6,普通,2,Bachelor,普通,7,No,67.6
S1430,17,男生,1.9,4,3,No,98.6,6.2,差,0,Bachelor,普通,7,Yes,35.7
S1431,22,女生,0,2,2.5,No,82,3.7,差,4,Bachelor,普通,2,No,29.9
S1432,21,Other,4.2,2.4,4.3,No,80.1,5.5,普通,0,Master,良好,9,No,70.7
S1433,24,女生,4.9,2.6,0.2,No,100,6,良好,1,Bachelor,普通,3,Yes,89.3
S1434,20,男生,0,3.5,3.2,No,72.6,6.2,普通,3,High School,良好,2,No,26.2
S1435,24,男生,2,0,3.1,No,73.7,6.3,良好,6,High School,普通,3,Yes,58.3
S1436,24,男生,4.4,1.8,0.7,No,74,7.8,良好,4,High School,良好,2,Yes,78.4
S1437,24,女生,6.6,2.8,2.9,No,84.3,8,良好,1,None,良好,8,No,100
S1438,23,男生,3.5,3.9,2.2,No,89.3,6.3,普通,2,Master,普通,5,Yes,66.8
S1439,19,女生,2.4,1.9,1.5,No,92.4,7.8,良好,6,High School,良好,3,No,63.8
S1440,17,男生,3.2,0.2,0.9,No,100,6.9,普通,4,Bachelor,良好,5,No,76.1
S1441,24,女生,5.6,3.2,1,No,62.5,6.6,普通,4,Bachelor,普通,8,No,82.7
S1442,17,女生,2.5,1.7,4.1,No,91.1,7.6,差,5,None,普通,7,No,65
S1443,24,女生,2.3,1.1,1.8,Yes,79.4,6.6,普通,3,Master,良好,6,No,66.8
S1444,20,男生,2.8,1.8,2.7,No,79.1,9,差,4,Master,普通,1,Yes,64.9
S1445,19,男生,2.1,2.3,0.9,No,78.8,4.8,良好,3,Bachelor,差,10,No,63.1
S1446,19,男生,3.7,1.8,0.9,Yes,75.9,5.9,普通,1,High School,普通,1,No,56.3
S1447,22,女生,5.9,0,3,No,100,6.3,普通,2,High School,良好,1,Yes,93.6
S1448,23,女生,4,3.6,0.3,No,93.4,7,良好,6,High School,良好,10,Yes,91.9
S1449,22,女生,3.1,4,1.3,No,85.2,8,普通,6,High School,良好,8,Yes,74
S1450,22,女生,3.1,3.3,1.8,No,98.5,6.5,普通,2,Bachelor,普通,8,No,62.7
S1451,22,女生,1.2,1.1,1.9,No,69.9,4.8,差,4,Master,差,7,No,58.6
S1452,22,男生,4.8,2.3,1.6,Yes,71.7,7.5,良好,4,Bachelor,良好,6,No,89.3
S1453,22,女生,3.4,2.5,2.2,No,63.2,7.4,差,1,Master,良好,4,No,63.4
S1454,21,男生,3.2,3.2,2.6,Yes,78,4.2,普通,5,Bachelor,差,1,No,46.7
S1455,19,男生,8.3,3.3,2.6,Yes,86.6,6.5,普通,5,High School,普通,9,No,100
S1456,22,女生,3.9,1.6,0.7,Yes,86,4.6,良好,5,Master,差,1,No,68.7
S1457,24,男生,2.4,2.6,1.5,No,86.5,5.7,良好,3,High School,良好,4,No,58.9
S1458,19,男生,2.9,3,3.1,No,70.9,5.4,良好,5,Master,良好,3,No,59
S1459,19,女生,5.2,4.2,2.8,Yes,93,7.5,差,2,High School,良好,7,No,77.9
S1460,18,男生,3.7,3.3,0.3,Yes,87.4,6.6,普通,6,High School,良好,5,No,72.3
S1461,21,女生,1.3,3.4,2.2,No,92.3,5,普通,6,Master,差,5,No,49.7
S1462,22,男生,4.9,2.6,0,Yes,66.1,7.6,差,3,Bachelor,良好,4,No,80.9
S1463,17,男生,2.5,4.2,1.9,Yes,88.1,4.8,普通,1,Master,良好,1,No,44.5
S1464,20,男生,6.3,3,3.9,Yes,73.1,6.9,普通,2,Master,普通,5,No,85.3
S1465,23,男生,5.1,1.5,0.8,No,81,5.5,普通,6,None,良好,4,No,83.2
S1466,24,女生,2.8,4.2,0.9,No,90.3,6.1,良好,2,Bachelor,普通,10,No,59.7
S1467,17,男生,5.4,3.3,2.6,No,85.9,7.1,普通,6,High School,良好,8,No,98.1
S1468,21,女生,3.6,2,0.1,No,76.5,7.1,良好,0,Bachelor,良好,2,Yes,66.8
S1469,20,男生,4.8,1.9,1.1,No,85.1,8.1,普通,1,Bachelor,良好,8,Yes,96.1
S1470,21,女生,4.2,2.9,2.5,No,69.7,6.4,普通,1,High School,良好,1,No,60.4
S1471,24,女生,2.2,3.1,1.1,No,96.5,6.9,普通,0,Bachelor,差,4,No,33.8
S1472,19,女生,2.5,2.7,1.5,No,82.9,6,差,3,Bachelor,普通,3,No,56.1
S1473,20,男生,5,2.9,2.6,No,96.2,6.7,差,6,High School,普通,5,No,80.6
S1474,19,男生,3,4.5,2.3,Yes,79.7,7,普通,6,Bachelor,良好,5,No,52.6
S1475,24,男生,2.9,3.8,2.1,No,79.8,6.4,良好,6,Bachelor,良好,5,Yes,52.1
S1476,17,女生,2.1,2.7,1.4,No,77.4,4.3,良好,5,Master,良好,4,Yes,39.9
S1477,24,男生,4.1,3.6,2.2,No,93.8,6.9,差,5,High School,差,8,No,84
S1478,17,女生,6.6,1.3,1.7,No,77.9,6.9,良好,5,High School,良好,3,Yes,97.7
S1479,20,女生,1.9,3,2.3,No,91.4,5.7,良好,5,Bachelor,良好,4,No,43.3
S1480,20,男生,3.5,4.7,1.3,Yes,81.2,5,良好,5,None,良好,1,No,55.9
S1481,22,女生,5.6,2.2,1.6,No,65.2,8.3,良好,0,Master,差,7,No,84.6
S1482,21,男生,3.4,1.5,0.7,No,79.3,7.1,普通,1,None,差,1,No,67
S1483,22,男生,4.2,1.7,1.8,No,73.2,6.2,普通,3,Bachelor,差,2,No,76
S1484,21,女生,1.9,1.2,0.9,No,85.3,5.1,普通,2,Bachelor,良好,7,Yes,56.9
S1485,22,女生,4.1,1.6,0.6,No,73.1,5.5,普通,5,High School,良好,1,No,77.5
S1486,19,女生,3.2,2.1,2.1,No,94.3,8.1,普通,0,None,良好,3,No,69.4
S1487,20,男生,5,0.8,2,No,84.1,6.7,普通,6,Bachelor,普通,6,Yes,94.6
S1488,17,男生,5.3,2.5,2.7,Yes,83.2,5.8,良好,3,Bachelor,普通,6,Yes,93.4
S1489,21,女生,7.4,3.6,1.3,No,91.6,7.1,良好,3,High School,良好,6,Yes,100
S1490,24,女生,4.4,1.4,2.2,No,94.6,5.5,良好,3,Master,良好,2,Yes,63.6
S1491,21,女生,4,4.3,2.4,No,84.8,8.3,良好,0,High School,良好,2,No,53
S1492,17,男生,3.8,3.1,2.3,No,77.3,8.1,良好,2,High School,良好,6,No,67.8
S1493,22,女生,3,3.7,0.9,No,67.3,5.9,差,5,Bachelor,普通,10,No,73.9
S1494,21,男生,4,1.7,2,No,78.1,5.7,普通,3,High School,良好,5,No,66.5
S1495,23,男生,3.1,3.5,2.2,No,78.8,3.4,普通,0,Master,良好,7,No,49.9
S1496,19,女生,3.8,1.2,1.8,No,86.1,4.7,良好,6,High School,普通,7,No,73.9
S1497,20,男生,5.5,3.6,0,No,81.5,4.9,普通,1,None,普通,5,No,80.3
S1498,17,女生,2,2.7,2,No,91.9,6.7,良好,6,High School,普通,8,No,71.7
S1499,20,男生,5.2,3.2,4.2,Yes,78.9,6.1,差,0,Bachelor,差,10,No,83.3
S1500,23,男生,5.5,1.1,1.4,No,84.4,4.9,普通,0,Bachelor,良好,6,No,84.5
S1501,21,女生,3.3,1.4,1,No,96.8,6.2,良好,0,Bachelor,差,5,No,74.9
S1502,21,女生,0.3,3.2,2.2,No,88.4,7.1,差,3,None,普通,4,Yes,34
S1503,24,女生,2.6,1.4,2.1,Yes,84.4,7.1,普通,0,High School,普通,7,No,63
S1504,23,女生,5.4,3.1,3.1,No,79,4.2,普通,1,Bachelor,良好,4,No,77.9
S1505,17,女生,3.5,0.9,0.4,No,78.7,6.3,普通,3,None,普通,5,Yes,72.9
S1506,24,女生,2,3.5,2.6,No,76.5,4.8,良好,6,Master,良好,5,No,53.2
S1507,19,女生,2.7,1,2.4,No,79.6,7.6,普通,1,None,差,1,No,57.3
S1508,24,男生,4.8,3.2,1.6,No,92.6,7.4,普通,4,Bachelor,差,1,Yes,76.6
S1509,18,女生,4.3,3.3,2.2,No,82.8,5.4,差,6,High School,普通,3,No,64.6
S1510,17,男生,3.1,1.7,2.9,Yes,71.5,5.6,良好,0,Bachelor,普通,3,Yes,51.1
S1511,18,Other,2.9,3.2,2.8,No,100,5.9,普通,5,High School,普通,2,No,63
S1512,23,女生,2.9,2.8,0.5,No,88.2,3.8,良好,5,None,差,2,Yes,61.6
S1513,22,男生,2.1,1.9,2.7,Yes,70.9,6.9,良好,3,High School,良好,6,No,62.5
S1514,18,女生,5.9,1.3,1.7,No,80.6,6.2,普通,5,High School,良好,1,Yes,87.1
S1515,19,女生,3,0.1,1.9,No,86.1,7.7,良好,6,High School,差,6,Yes,82.5
S1516,24,男生,5.3,2.9,1.9,No,100,5.2,良好,3,Bachelor,差,5,Yes,80.9
S1517,22,女生,5.8,0.6,1.6,No,73.9,5.8,普通,6,Bachelor,良好,6,No,100
S1518,24,女生,5,2.6,3.1,No,94.8,4.7,差,0,Bachelor,良好,5,No,79.6
S1519,18,男生,2.9,2.2,1.7,Yes,99,5.3,良好,2,Bachelor,普通,7,No,71.2
S1520,24,女生,4.1,3.3,0.6,Yes,78.7,5.1,良好,2,Bachelor,良好,1,No,62.7
S1521,23,男生,3.5,2.1,1.4,No,82.2,7.7,普通,1,High School,良好,3,No,64.2
S1522,22,女生,2.1,2.1,2,No,74.6,5.7,普通,0,High School,良好,6,Yes,44.1
S1523,23,Other,4,3.4,3.2,No,83,6.6,良好,5,High School,普通,1,No,61.7
S1524,18,女生,1.7,2.9,2.5,No,84.6,6,良好,0,Bachelor,普通,7,Yes,39.9
S1525,23,男生,5.3,2.9,0.9,No,91.6,5,良好,4,High School,差,4,No,84.1
S1526,19,女生,2.8,3.1,4.5,No,95.9,6.3,普通,2,None,良好,3,No,40.7
S1527,18,女生,3.8,0.7,2.1,No,77.5,7.2,良好,5,Bachelor,良好,10,No,81.8
S1528,18,男生,3.9,3.4,3.2,No,65.3,5.1,普通,6,High School,普通,9,Yes,77
S1529,18,女生,3.1,3.2,1.6,No,84.8,7.5,普通,6,Master,良好,1,No,65.7
S1530,17,男生,4.4,1.3,2.4,No,87.9,5.5,良好,2,Master,良好,8,Yes,80.9
S1531,24,女生,2.8,2.2,2.7,No,87.5,5.9,良好,0,None,良好,1,Yes,47.4
S1532,17,男生,4.8,2.5,3.1,Yes,81.7,7.1,普通,5,High School,良好,5,Yes,83
S1533,17,男生,1.5,2.3,3,No,86.2,5.7,普通,1,High School,良好,10,No,54.2
S1534,19,男生,3.7,2.9,2.8,No,100,6.5,良好,6,Bachelor,普通,8,No,82.5
S1535,22,女生,6.4,4.2,1.5,Yes,88.8,6.1,普通,0,High School,良好,6,No,85
S1536,24,男生,2,3.8,1.2,No,81.3,6.7,良好,1,Bachelor,良好,7,Yes,40.4
S1537,23,女生,2.5,0.9,2.2,Yes,80,3.6,良好,5,Bachelor,普通,8,No,58.9
S1538,21,男生,4.3,3.2,2.8,No,83.3,4.3,差,2,High School,差,6,No,67.5
S1539,18,男生,3.8,4.1,1.6,No,100,7.2,良好,4,None,良好,6,Yes,81
S1540,23,女生,4,3,3,No,83.2,7.7,良好,3,Bachelor,普通,6,Yes,74.7
S1541,18,女生,4.2,3.8,3.4,Yes,84.8,5.4,良好,2,High School,良好,5,No,67.4
S1542,19,男生,4.5,4.9,0.8,No,80.2,6.2,良好,1,Bachelor,差,8,No,72.2
S1543,18,女生,5.2,3.7,0.9,No,96,6.9,良好,0,High School,差,2,No,77.1
S1544,17,女生,4.1,2.8,1.6,No,100,7.3,差,6,Bachelor,普通,7,No,87.9
S1545,24,女生,3.1,3.8,2.1,No,89.5,4.1,普通,5,Master,普通,4,Yes,54.1
S1546,21,男生,4.5,2.7,1.2,Yes,85.8,5.4,良好,2,Master,良好,1,Yes,62.9
S1547,20,男生,6.3,2.5,3.3,No,85.4,6.1,普通,6,High School,良好,5,No,95.6
S1548,18,女生,3.3,2.1,2.3,No,61.2,7.3,差,6,High School,差,3,No,67.1
S1549,23,男生,2,4.4,1.8,No,92.5,9.5,良好,4,Bachelor,普通,4,No,51.5
S1550,17,女生,5.2,1.5,0.2,Yes,86.3,6.2,良好,5,High School,普通,7,No,97.9
S1551,20,女生,3.3,4.3,0.4,Yes,89.3,4.8,差,1,High School,普通,5,No,67
S1552,21,女生,0.2,3.1,2.1,Yes,77.9,7,良好,5,Master,良好,4,Yes,31.5
S1553,20,女生,4.8,0.8,0,No,81.2,8.1,良好,5,High School,普通,1,No,88
S1554,17,Other,2.7,2.9,2.9,No,80.9,6.6,普通,0,None,差,6,No,53.4
S1555,24,男生,3.4,0,1.6,No,95.2,5.4,良好,3,None,普通,10,Yes,83.4
S1556,24,女生,4,3.3,5.4,No,81.2,7.6,普通,6,Bachelor,差,6,No,79
S1557,22,男生,3.8,3.6,4.3,No,100,7.3,差,1,Bachelor,差,7,Yes,69.9
S1558,24,男生,4.6,1.8,1.6,No,89.3,5.3,普通,0,High School,普通,1,Yes,60.1
S1559,22,女生,2.8,2.6,1.7,No,72.2,7,普通,6,High School,良好,4,No,70.3
S1560,20,女生,4.3,4.8,2.9,Yes,83.7,7.7,普通,3,High School,良好,9,No,79.8
S1561,19,Other,3.1,1.9,3.7,No,78.5,7.9,良好,0,Bachelor,良好,10,Yes,66.6
S1562,23,女生,4.6,1.2,0,No,63.1,6.4,良好,3,None,普通,6,No,91.7
S1563,23,男生,4.4,4.3,0,Yes,100,6.1,普通,3,Master,普通,2,No,70.1
S1564,20,男生,2.1,4.9,1.1,No,92,8,良好,3,High School,普通,4,No,61.5
S1565,18,女生,5.1,2.5,2.4,No,90.3,5,差,0,Master,良好,6,No,79.3
S1566,18,男生,2.7,3.7,2.3,No,86.7,7,差,5,High School,良好,4,Yes,63.9
S1567,24,男生,4.7,4.1,3,No,71.2,4.9,良好,3,Bachelor,差,10,Yes,93.1
S1568,23,男生,4.1,1.6,0.5,No,80.2,7.8,差,5,High School,差,7,Yes,89.8
S1569,23,男生,6.3,1.9,0,No,93.4,6.2,普通,6,None,良好,3,Yes,100
S1570,22,男生,3.2,4,2.7,No,74.5,8,良好,6,Master,良好,6,Yes,61.8
S1571,19,男生,3,4.5,0.9,No,59.7,7.1,普通,1,Master,良好,4,Yes,51.5
S1572,17,男生,3.5,3.2,0,No,82.7,5,良好,4,High School,良好,3,No,60.4
S1573,18,男生,3,1.4,2,No,83.6,8.2,普通,5,Bachelor,良好,3,No,67.2
S1574,23,Other,4.7,4.9,2.7,No,86.4,8.4,差,6,Bachelor,普通,2,No,89.6
S1575,22,男生,1.1,1.9,1.7,No,92.3,7.6,普通,4,Master,良好,3,Yes,48.3
S1576,21,男生,1.9,2.1,1.3,No,91.4,5.6,普通,3,High School,良好,10,No,61.7
S1577,22,女生,1.9,2.9,1.6,Yes,87.6,6.1,普通,4,Bachelor,良好,1,Yes,44.4
S1578,18,男生,4.9,4.4,1.4,Yes,97,6.7,普通,4,High School,普通,3,No,77.2
S1579,18,女生,6.1,3.5,0.3,Yes,69.8,5.7,良好,3,High School,普通,9,Yes,100
S1580,22,女生,3.3,3,1,No,90,8.5,良好,5,Master,普通,4,No,73
S1581,17,男生,3.2,3.1,2.4,No,91.3,6.7,普通,3,High School,普通,3,No,68.5
S1582,20,男生,3.6,2.6,2.2,No,72.6,3.3,普通,1,High School,良好,8,No,61
S1583,18,女生,5.2,3.2,2,No,70,6.9,普通,2,Bachelor,差,1,Yes,70.5
S1584,22,女生,2.1,0,0.7,No,77.5,6.1,良好,0,Bachelor,普通,5,No,52.5
S1585,23,男生,3.9,2.1,1.6,No,78.4,6.4,良好,3,High School,良好,1,No,62.8
S1586,22,女生,5,2.8,0,Yes,92.5,6.1,普通,3,High School,差,7,Yes,83.5
S1587,19,男生,4.3,1.1,2,No,78.9,7.5,良好,4,Master,普通,5,No,71.4
S1588,20,Other,3.8,3,3.4,No,76.4,7.8,普通,1,High School,普通,2,No,61.5
S1589,21,男生,5,2.3,0.2,No,78.9,6.8,差,6,Bachelor,良好,1,No,75.4
S1590,17,女生,0,4.6,1.2,No,96.2,6.1,差,6,Bachelor,普通,7,No,42
S1591,24,女生,4.5,4.4,2.2,No,85.1,6.5,普通,4,High School,良好,1,No,64
S1592,21,女生,2.5,1.9,3.2,Yes,83.2,6.5,普通,5,Master,普通,3,No,60.1
S1593,20,女生,0.8,2.3,1.3,Yes,83.9,5.5,差,3,Bachelor,良好,6,No,34.7
S1594,20,男生,4.3,2.4,1,Yes,97.9,7.2,良好,3,High School,普通,6,No,88
S1595,20,男生,5.6,2,0,No,77.5,7.1,普通,4,Bachelor,普通,7,No,100
S1596,21,男生,3.3,2.7,1.9,No,98.2,8.3,普通,3,Bachelor,差,1,No,66.1
S1597,23,男生,4.9,1.6,4,No,87.1,8,普通,5,Bachelor,差,7,No,95.5
S1598,20,女生,5.9,1.1,2.1,Yes,83.4,5.7,差,2,Master,普通,2,Yes,86.4
S1599,22,男生,5.5,3.2,1.8,No,100,7.5,普通,0,High School,差,6,No,77.3
S1600,21,男生,6,3.3,2.2,No,74.4,5.4,普通,0,High School,普通,8,Yes,90.2
S1601,24,Other,4.6,1.5,1.8,No,81.5,7.3,普通,0,High School,良好,5,Yes,80.2
S1602,20,女生,3.6,3.6,0.9,No,72.7,5.9,差,2,None,普通,10,Yes,72.9
S1603,22,女生,1.1,1.7,2.7,No,94.5,5.3,普通,3,None,普通,3,No,35.8
S1604,23,Other,3.1,2.8,2,No,100,6.8,差,4,Master,良好,8,Yes,72.8
S1605,19,男生,2.2,3.5,1.8,No,100,3.3,良好,6,Bachelor,良好,8,No,67.6
S1606,23,男生,6.8,2.5,0.7,No,97.2,4.4,良好,1,Bachelor,差,4,No,93.1
S1607,24,女生,3.2,3,3.2,No,83,6.3,差,3,Bachelor,普通,8,Yes,57.5
S1608,20,女生,3.7,1.9,2.5,No,81.3,6.6,普通,2,Bachelor,良好,5,Yes,61.1
S1609,24,男生,4.3,2.3,1.2,No,68.3,6.1,差,5,High School,差,5,No,77.4
S1610,21,女生,3.6,2.3,2.9,No,100,4.6,普通,2,Master,良好,3,No,69.6
S1611,18,男生,6,1.6,1.3,No,89.7,5.5,普通,6,High School,差,7,No,100
S1612,20,男生,2.6,2.3,0.9,No,80.1,7,普通,0,Master,良好,9,No,69.3
S1613,18,女生,3.8,0.6,1,No,98.3,7.2,普通,3,Bachelor,普通,9,No,85.7
S1614,22,女生,2.4,1.9,0,No,75.3,6.5,良好,6,High School,良好,1,No,53.9
S1615,19,女生,1.5,2.2,2.3,No,89.1,7.9,普通,0,Bachelor,普通,1,No,43.7
S1616,17,男生,2.6,2.2,0,No,83.3,7,普通,1,Bachelor,良好,10,No,79.3
S1617,24,女生,3.4,2.2,0.4,No,91.4,5.6,普通,5,High School,差,5,No,71.3
S1618,23,男生,2.9,2.4,0,No,84.4,6.2,良好,0,Bachelor,普通,1,Yes,61.4
S1619,19,男生,2.5,3.1,1.7,No,70.5,4.8,良好,1,High School,良好,4,No,45.1
S1620,20,女生,1.4,3.5,1.6,No,85.8,6.4,普通,2,None,普通,1,No,39.8
S1621,18,女生,3.4,1.7,1.4,No,95.5,7.8,良好,0,Master,良好,2,No,70.7
S1622,23,女生,1.2,1.1,0.7,No,84.7,7.3,普通,0,Bachelor,普通,2,Yes,35.6
S1623,18,女生,4.6,1.2,0.5,No,92.8,8.2,良好,4,Master,良好,4,No,93
S1624,21,女生,3.6,1.9,2.3,No,74.5,6.1,良好,5,Bachelor,普通,8,Yes,83.2
S1625,18,女生,1.3,2.1,1.2,No,84.7,8.1,差,5,High School,良好,2,Yes,46.6
S1626,21,男生,3,1.6,2.1,No,78.8,6.3,良好,6,Bachelor,良好,9,Yes,70.8
S1627,22,男生,2.4,0.9,0.8,No,92.5,8.3,普通,2,Bachelor,普通,9,No,78.3
S1628,23,男生,4,2,2,No,85.3,6.5,普通,4,Master,良好,2,Yes,70.7
S1629,23,男生,5.5,2.7,3.2,Yes,91.9,7.3,普通,6,High School,良好,1,No,82.6
S1630,17,女生,0.7,3.2,2.4,No,95.9,8.3,良好,1,Master,普通,10,Yes,50.3
S1631,20,女生,3.7,1.8,1.3,No,91.9,6.3,普通,6,Master,良好,10,No,80.9
S1632,21,男生,3.3,2,2.1,No,87.7,6.8,差,1,Bachelor,差,9,Yes,75.4
S1633,17,男生,4.5,1.4,1.5,No,75,8,良好,2,Master,良好,2,Yes,83.7
S1634,18,女生,3.8,2.5,1.8,No,85,6.3,差,5,High School,普通,8,No,76.8
S1635,18,男生,2.4,1.5,1.4,No,79.7,4.9,差,1,Master,差,3,No,45.8
S1636,17,女生,3,3.2,1.6,No,81.6,9.1,普通,2,Bachelor,普通,1,Yes,58.4
S1637,23,女生,2.3,0.4,2,No,81.3,5.9,普通,6,None,良好,1,Yes,70.3
S1638,18,女生,5.1,2.1,0.7,Yes,75.2,6.7,普通,1,Master,良好,10,Yes,99.4
S1639,24,女生,3.5,2.9,0.7,No,65.4,7.9,差,3,High School,良好,2,No,62.9
S1640,22,女生,6.4,2.7,0.3,Yes,78.3,5.8,良好,0,High School,普通,7,No,98
S1641,22,男生,3.4,5.7,0,No,86.9,5.3,良好,6,Bachelor,差,6,No,74.7
S1642,24,女生,2.4,2.9,0.5,No,71.5,6.8,普通,5,High School,良好,2,Yes,50.4
S1643,17,女生,1.2,1.3,2,No,85.2,4.3,普通,6,High School,良好,4,No,49.4
S1644,24,男生,0.8,2.4,0.8,No,100,6.2,普通,3,Bachelor,普通,2,Yes,35.3
S1645,21,女生,1.1,0.4,2.4,Yes,95.2,6.8,良好,2,None,普通,1,Yes,46.3
S1646,21,女生,3.9,2.4,1.8,No,100,6.2,差,2,High School,普通,3,No,68.4
S1647,17,女生,4.3,1.5,0,No,88.9,4.6,差,6,None,普通,4,No,84.2
S1648,24,女生,1.1,3.6,2.5,No,96.7,8.4,良好,3,High School,良好,10,Yes,54.6
S1649,21,女生,4.8,1.8,2.7,No,77.8,6.6,普通,6,Bachelor,普通,5,No,88
S1650,23,女生,2.8,2.4,0.7,No,78.6,8.2,普通,0,Bachelor,良好,5,No,61.5
S1651,24,女生,3.7,1.7,2.3,Yes,57.6,6.2,良好,0,Master,普通,7,No,75.7
S1652,23,女生,5.9,4.6,0.9,No,96.9,5.4,良好,4,Bachelor,普通,10,No,100
S1653,21,女生,4.8,2.1,1.9,No,100,6.8,普通,1,High School,良好,8,No,82.6
S1654,22,女生,3.1,4.7,0.4,No,79.5,6.2,良好,4,Master,良好,9,No,71.5
S1655,21,女生,2.2,3.5,0,No,82.5,5.1,差,0,Bachelor,普通,7,No,57.6
S1656,23,男生,0.3,3.1,1.4,Yes,77.5,8.3,良好,3,Bachelor,良好,5,No,36.1
S1657,19,女生,2.4,2.9,1.7,No,88.8,5.8,普通,1,Bachelor,普通,9,Yes,67.4
S1658,20,女生,3.2,3,1.4,Yes,96.2,4.3,良好,3,Master,良好,8,No,74.8
S1659,18,男生,2,0.2,0.5,No,67.6,8.1,良好,4,Bachelor,普通,10,Yes,73.6
S1660,24,女生,3.3,2.2,1.4,No,89.1,5.9,良好,2,High School,良好,9,Yes,79.5
S1661,19,男生,3.6,3.5,2.1,No,82.2,5.8,良好,3,Bachelor,差,10,No,62.5
S1662,21,男生,3.2,2.4,1.8,No,86.1,4.4,普通,4,None,普通,8,Yes,76.3
S1663,22,女生,2.5,0.8,2,No,89.6,8.6,普通,4,High School,良好,6,No,75.6
S1664,17,男生,3.8,2.4,1.1,No,83.1,5,普通,4,High School,良好,4,No,64.4
S1665,21,女生,4.2,4.5,3.1,No,84,6.6,良好,2,High School,普通,9,No,75.3
S1666,22,女生,1.9,4,0.5,Yes,82.9,7.6,良好,2,None,普通,9,Yes,50.4
S1667,20,女生,5.6,2.4,2.3,No,94.7,7,普通,6,High School,普通,10,Yes,100
S1668,21,男生,3.4,3.6,3.1,No,89.2,6.4,良好,2,Bachelor,良好,10,No,76.4
S1669,23,男生,3.5,2.1,2.3,No,87.2,4.5,良好,1,Bachelor,良好,9,No,69.9
S1670,17,女生,4.6,0.5,1.6,No,72.3,5.5,良好,2,Master,良好,10,Yes,88.9
S1671,22,Other,3.8,1.4,1.2,No,81.2,6.7,良好,2,High School,普通,3,Yes,70.4
S1672,22,女生,4.9,4.4,2.9,No,94,5.6,普通,2,Bachelor,良好,3,No,69.4
S1673,22,男生,3.9,2.2,0.2,No,85.4,6.7,差,3,Master,普通,6,Yes,84.9
S1674,20,女生,2.6,2.2,0.7,No,91.6,7.3,差,2,High School,差,6,No,63.6
S1675,21,女生,4,2.1,1.4,No,100,7.7,普通,1,Bachelor,良好,6,No,82.2
S1676,20,女生,1.8,4.8,3.2,No,95.4,5,良好,4,Bachelor,良好,5,No,37.4
S1677,24,男生,3.7,4.5,2.2,No,85.9,9.1,良好,3,None,良好,5,No,73.8
S1678,18,女生,3.5,5.2,0.7,Yes,79.9,7.4,良好,0,Master,良好,2,Yes,53.4
S1679,18,女生,3.2,2.3,1.5,No,59.5,6.5,良好,2,Bachelor,良好,7,No,64.2
S1680,24,Other,3.3,2.9,1.1,No,83.3,7.8,差,6,None,良好,4,No,70.4
S1681,21,男生,0.7,0.7,1,No,81.7,9.3,差,6,None,普通,3,No,51.5
S1682,23,女生,2.7,4.3,2.9,No,88.9,4.8,差,4,None,普通,8,No,53.4
S1683,20,女生,3.6,1.1,0.3,Yes,83.5,6.2,普通,4,High School,良好,4,No,77.2
S1684,17,男生,3.7,2.8,3.6,No,81.8,3.6,普通,3,Bachelor,良好,4,Yes,59.8
S1685,22,女生,2,1.2,2.7,No,67.2,6.7,差,6,Bachelor,普通,8,No,55.4
S1686,22,女生,5.4,1.8,3,Yes,75.6,6.9,普通,0,High School,普通,1,No,69.9
S1687,21,男生,2.2,1.5,1.3,Yes,89.8,6.5,差,5,Master,普通,9,No,71.6
S1688,23,男生,5,1.8,1.6,No,100,5.7,良好,6,High School,差,7,No,92.9
S1689,18,女生,4.1,1.9,0.2,No,84,4,普通,6,None,良好,2,No,72.4
S1690,18,男生,2.5,1.8,1.2,Yes,88.3,6.9,普通,1,High School,普通,6,No,70.5
S1691,22,女生,6.2,3.5,2.3,No,94.5,8.2,普通,5,Bachelor,良好,8,No,100
S1692,21,男生,1.7,1.2,3.2,No,76.9,5.8,良好,4,High School,普通,5,Yes,37.4
S1693,20,女生,4.9,2.8,0.6,No,88.7,7,普通,5,High School,普通,6,No,88.7
S1694,18,男生,5,4,1.4,No,77.6,4.6,普通,6,High School,差,10,No,88.6
S1695,20,女生,2.5,1.9,1.6,No,93.6,7,良好,4,Bachelor,良好,8,No,68.5
S1696,23,Other,5.6,1.6,0.3,No,86.5,6,普通,5,Master,良好,6,No,100
S1697,18,Other,3.1,2.2,2.5,No,88,5.6,良好,4,High School,良好,9,No,66.9
S1698,18,女生,3.9,3.9,1,No,77.2,5.6,普通,4,High School,差,9,No,71.5
S1699,19,男生,3.9,2.7,1.6,No,92.1,6,普通,3,Bachelor,普通,9,No,77.8
S1700,18,女生,3.3,1.9,1.3,No,100,7,差,0,Bachelor,差,6,Yes,67.7
S1701,24,男生,4.7,3.1,0.9,No,74.9,4.9,良好,4,High School,普通,9,Yes,96.4
S1702,17,男生,4.7,1.2,1.8,No,81.6,6,普通,1,Master,良好,3,No,83.1
S1703,24,男生,0.9,3.3,1.6,Yes,87.3,6.5,差,6,Bachelor,良好,5,No,37.9
S1704,21,女生,5.5,3,1.4,No,92.9,5.2,普通,6,High School,良好,2,Yes,76.3
S1705,21,女生,1,2.1,1,No,79.4,8.7,普通,1,Bachelor,普通,8,Yes,52.6
S1706,20,女生,5,1.5,2.2,No,56.7,5.5,差,2,Master,普通,4,No,83.6
S1707,24,男生,5.2,1.4,3.6,No,98.6,5.7,良好,4,Bachelor,普通,6,No,92
S1708,24,男生,1.9,3.1,2,No,92.6,5.3,良好,4,None,差,6,No,53.2
S1709,24,Other,2.9,4,2.9,No,67.6,8.7,差,4,High School,良好,5,Yes,56.4
S1710,23,男生,1.8,1.7,0.3,No,78.9,7.2,普通,5,High School,良好,1,No,58.1
S1711,18,男生,3.2,3.1,2,No,100,5.4,良好,4,High School,普通,7,No,70.9
S1712,17,男生,3,0,0.6,Yes,99.5,7.8,普通,4,Bachelor,普通,10,No,98.7
S1713,20,女生,4.7,1.8,0.2,Yes,94.4,6.7,普通,1,Bachelor,良好,8,No,83.3
S1714,24,女生,5.5,2.5,1,No,83.2,6.8,普通,0,Bachelor,良好,1,Yes,80.6
S1715,24,男生,5.6,1.4,3.1,No,85.8,6.1,良好,0,Master,良好,10,No,91.3
S1716,19,男生,2.7,1.4,2.8,No,83.7,5.6,良好,2,High School,普通,7,Yes,63.5
S1717,20,女生,3.2,1.7,2.1,Yes,96.3,6.9,良好,1,Master,普通,4,Yes,66.3
S1718,24,女生,1,2.9,0.1,No,76.2,5.8,差,4,Bachelor,良好,6,No,49.9
S1719,20,男生,2.3,2.3,1.6,Yes,76.9,8.7,普通,0,High School,良好,9,No,68.9
S1720,18,女生,4.9,0,2.1,Yes,95.1,5,良好,3,Bachelor,普通,5,No,94.2
S1721,19,男生,5.9,0,2,Yes,84.6,8.3,差,3,High School,良好,8,No,100
S1722,20,男生,1.6,1.8,0,No,98.8,6.4,良好,3,Bachelor,良好,5,No,58.6
S1723,17,女生,2.6,3,0.8,No,78.3,6.9,良好,4,Bachelor,普通,2,No,53.2
S1724,17,男生,3.5,0,1.7,No,84.5,7.5,差,4,High School,普通,4,Yes,70.5
S1725,21,女生,3.9,1.9,2.4,No,75.8,5.7,良好,2,Bachelor,普通,2,No,64
S1726,19,男生,2.3,1.9,0,Yes,85.1,7.5,普通,6,Bachelor,差,7,Yes,77.4
S1727,19,男生,4.1,4.2,1.6,No,70.2,3.3,良好,2,High School,良好,7,No,57.4
S1728,21,Other,2.8,2,2,No,80.1,5.6,普通,2,None,普通,3,Yes,59.9
S1729,20,男生,3.5,3,2.7,No,70.6,5.4,普通,5,High School,良好,7,No,66.7
S1730,19,女生,4.3,2.7,2.6,Yes,91.9,5,良好,3,Bachelor,良好,1,No,58.4
S1731,17,男生,3.5,0,2.4,No,92.2,6.2,良好,4,Master,差,1,No,63.6
S1732,17,男生,2.8,3.4,0.9,No,67.7,7,差,3,Master,普通,9,No,62.6
S1733,24,男生,3.3,2.8,0,No,98.3,7.3,普通,2,Bachelor,良好,6,No,70.6
S1734,18,女生,3.4,3.1,1.4,No,100,6.8,差,4,Bachelor,良好,5,No,75.2
S1735,19,男生,2.9,7.2,2.9,Yes,85.5,5.7,普通,1,High School,良好,6,No,50.1
S1736,20,女生,3.1,0,3.3,No,78.6,6.9,普通,0,Bachelor,普通,6,No,72.8
S1737,21,男生,5.9,4.6,2.6,Yes,100,6.6,普通,0,High School,普通,1,Yes,72.7
S1738,21,Other,4.3,2.2,2.3,No,71.8,7.6,普通,2,High School,良好,5,Yes,76
S1739,20,男生,3.1,2.8,2.2,No,85.2,7.4,差,6,Bachelor,良好,9,Yes,74.1
S1740,23,女生,4.5,2.4,1.2,Yes,86.8,6.5,差,3,None,普通,4,Yes,79
S1741,22,女生,3,2,1.7,No,98.5,5.4,差,1,Bachelor,良好,3,No,51.3
S1742,18,女生,5.3,1.8,3.6,No,88.6,5.7,普通,4,Bachelor,普通,1,Yes,71
S1743,21,女生,4.1,2.9,0.8,Yes,80,5.8,良好,6,High School,良好,2,Yes,76.4
S1744,19,女生,3.3,0.7,3.6,No,75.5,6.1,差,3,High School,良好,3,Yes,52.6
S1745,18,女生,4.2,3.4,1.4,No,81.6,6.8,良好,2,Master,普通,4,No,74
S1746,19,男生,1.1,2,3.3,No,74.9,7.4,良好,3,Bachelor,良好,7,No,42.6
S1747,23,男生,1.8,1.1,0.3,No,85.5,6.4,良好,2,High School,普通,6,No,49.8
S1748,17,女生,1.7,2,2.4,No,79.4,6.5,良好,5,High School,普通,8,No,45.7
S1749,18,女生,3.7,4,1,No,70.1,6.7,良好,0,Bachelor,差,9,Yes,77.2
S1750,24,女生,6.1,1.9,0.2,No,97.6,5.9,差,6,Bachelor,差,6,No,98.5
S1751,21,女生,6.8,2.9,2,No,80,5.4,普通,0,High School,普通,7,No,96.2
S1752,18,男生,4.5,1.6,2.9,Yes,72.3,4.4,良好,3,High School,良好,4,Yes,71.3
S1753,18,男生,4.3,3.4,0.9,No,83.3,5.7,普通,1,Master,良好,2,No,59.2
S1754,18,女生,0.8,3.3,0.2,No,85.7,7.1,良好,4,Bachelor,差,9,No,51.8
S1755,22,男生,2.7,4.7,1.7,Yes,67.5,5.7,差,2,Master,良好,9,No,59.3
S1756,18,男生,2.3,2.3,1.7,No,88.3,6.2,良好,4,Bachelor,良好,4,No,58.5
S1757,19,女生,2.6,3.3,2.4,No,74.5,7.1,普通,0,Master,良好,3,Yes,44.5
S1758,17,男生,3.2,2.6,2.8,No,100,7.1,普通,1,High School,良好,10,Yes,75.4
S1759,23,女生,2.8,4.1,1.7,Yes,90.2,5.2,普通,1,Bachelor,普通,6,Yes,54.9
S1760,20,男生,0.5,1.6,3.8,Yes,81,7.7,良好,4,None,普通,3,Yes,30.2
S1761,18,女生,4.6,3.4,2,No,77.5,7.9,良好,0,Bachelor,良好,1,Yes,71.8
S1762,21,男生,1.9,2.3,1.4,No,84,5.1,普通,4,High School,差,4,No,51.8
S1763,18,男生,3.9,2.4,0,Yes,91.1,5.5,良好,3,High School,差,1,Yes,59.5
S1764,21,男生,6.6,2.6,1.5,No,84.7,7.9,普通,1,Master,差,2,No,96.6
S1765,19,男生,2.1,2.8,1.4,Yes,82.8,6.3,差,1,Master,普通,3,No,44.1
S1766,21,男生,0,2.4,2.9,No,85.6,3.8,差,3,None,普通,8,No,30.5
S1767,24,男生,3.1,2.8,2.3,No,79,4.8,差,0,Bachelor,普通,10,No,63.7
S1768,20,女生,5.2,4.4,0.5,No,81.6,6.2,普通,1,High School,差,4,No,74
S1769,17,男生,6.4,3.7,2,No,64.1,5.1,普通,6,High School,良好,4,No,98.8
S1770,21,女生,1.7,3.5,2.5,No,94.7,6,良好,5,Bachelor,良好,10,No,53
S1771,21,女生,4.2,2,3.5,No,88,6.5,良好,5,High School,普通,9,No,84.6
S1772,17,女生,2.8,1.4,2.8,No,77.3,8.3,差,5,Master,差,7,No,73
S1773,20,男生,3.3,3.6,2.6,No,100,6.2,普通,2,High School,差,2,Yes,57.1
S1774,18,女生,7.5,3.6,1.9,Yes,85.9,7.8,普通,6,Bachelor,普通,3,No,100
S1775,21,男生,1.2,4.3,2.2,No,74.6,8.2,普通,2,Bachelor,普通,4,No,36.2
S1776,17,男生,3.9,1.8,3.2,No,93.6,8.2,差,0,High School,普通,4,No,65.6
S1777,24,Other,4.2,2.2,0.3,Yes,89,6.8,差,3,High School,良好,10,Yes,87.5
S1778,24,男生,5.1,0.5,1.4,No,88.9,4.1,良好,4,Bachelor,普通,8,No,100
S1779,19,女生,3.6,2,1,Yes,80.7,7.1,良好,6,Bachelor,普通,10,No,85.6
S1780,17,女生,4,3.7,2.2,No,89.5,7.8,差,0,High School,普通,10,Yes,89.4
S1781,19,女生,2.9,1.9,3.2,No,82.4,6.4,普通,4,Bachelor,良好,6,No,66.9
S1782,24,女生,3.9,3.3,1.1,Yes,90.6,8.6,普通,0,None,良好,3,No,56
S1783,20,男生,3,2.3,0,No,66,7.5,良好,2,High School,良好,9,No,77.9
S1784,18,男生,4.4,2.9,1.3,No,80.7,7.2,普通,5,High School,良好,10,No,91.3
S1785,17,女生,2.9,1.1,2.8,No,100,7.8,差,3,None,普通,8,No,68.4
S1786,23,男生,4.1,2.6,2.4,No,77.3,6.9,良好,2,Bachelor,普通,9,No,85.3
S1787,24,男生,3.5,0,2.3,No,79,3.5,普通,3,Bachelor,良好,5,Yes,64.4
S1788,24,男生,5.2,2.3,1.5,No,80.5,5.9,普通,6,Master,差,3,No,82.8
S1789,23,男生,3.4,0.5,0.4,No,72.9,7.9,普通,4,Bachelor,良好,4,No,78
S1790,22,男生,0.8,3.9,2.4,No,62.9,5.5,普通,0,Master,良好,5,No,31.5
S1791,24,男生,5.4,3.4,0.9,No,82.7,6.2,普通,1,Bachelor,良好,9,No,92.3
S1792,21,女生,2.1,3.1,4.2,No,86.4,5.2,普通,1,Bachelor,差,9,Yes,50.1
S1793,20,女生,2.5,4.3,2.4,No,84.5,8.6,普通,3,Master,良好,3,No,49.4
S1794,17,女生,2.6,1.4,1.2,No,83.6,8.5,差,5,Bachelor,普通,7,No,80.3
S1795,23,男生,5.6,4.6,1.1,No,85.4,5.4,良好,5,None,差,6,Yes,89.7
S1796,21,男生,0.3,3.6,1.7,No,95.2,6.7,差,3,Bachelor,普通,4,Yes,33.6
S1797,23,男生,8.2,2.2,1.5,No,83.1,5.7,差,2,Master,良好,5,Yes,100
S1798,17,女生,5.1,3.9,3,No,79.3,7.2,良好,1,Bachelor,普通,10,No,90.6
S1799,19,女生,3.8,1.2,2,No,82.2,7.1,良好,2,Bachelor,普通,2,Yes,66.3
S1800,17,男生,3.4,1.5,1,No,90.8,7.5,良好,4,Bachelor,差,7,Yes,86.1
S1801,22,女生,3.9,1.8,3.9,No,99.1,6.9,普通,1,Master,良好,4,No,65.5
S1802,17,男生,4.3,1.9,1.9,No,78.7,10,普通,4,None,良好,2,No,82.9
S1803,17,女生,4.5,1.2,2.6,No,86,5.3,良好,0,Bachelor,良好,6,Yes,76.3
S1804,22,女生,4.3,4,1.1,Yes,88.4,4.4,良好,2,High School,普通,2,Yes,59
S1805,20,女生,3.6,2.2,2.2,No,75.1,6,普通,3,Bachelor,普通,10,Yes,76.1
S1806,24,女生,3.2,2.9,2.1,No,85.2,4.6,良好,1,Bachelor,良好,2,Yes,40.3
S1807,17,女生,3.3,1.8,0,No,70.3,4.7,差,2,High School,普通,7,Yes,65.2
S1808,22,男生,3.2,0.3,4,Yes,67.3,5.3,良好,3,High School,良好,1,No,43.9
S1809,21,女生,5.2,2.8,3.2,No,88.7,5.4,良好,0,Bachelor,良好,7,Yes,89.5
S1810,19,男生,4.4,0.2,1.4,No,81.2,5.4,良好,1,High School,普通,10,No,80.7
S1811,19,女生,0,2.4,0.6,Yes,87,7.1,良好,4,High School,普通,5,No,53
S1812,17,女生,4.5,0.9,2.2,No,84.8,5.9,良好,0,Bachelor,良好,1,No,70.6
S1813,20,女生,3.8,4.9,1.9,No,75.2,6.3,差,5,High School,普通,6,No,65.5
S1814,20,男生,3.5,3.6,2.2,No,84.5,7.6,普通,3,High School,普通,7,No,75.1
S1815,21,女生,2.9,2.6,2,No,72.7,5.6,差,1,Master,良好,1,No,43.5
S1816,17,女生,5.2,4,2.4,No,98.9,6.2,普通,1,High School,普通,9,No,80.6
S1817,19,女生,4.9,1.5,3.4,No,71.4,6.9,良好,6,High School,良好,7,Yes,88.2
S1818,20,男生,2.3,3.2,2.4,No,83,4.2,普通,6,Bachelor,差,1,Yes,48.5
S1819,17,男生,4.1,2.7,0.6,No,74.6,3.6,普通,0,Bachelor,良好,3,No,67.3
S1820,23,男生,2,2.8,3.3,No,90.7,6.9,普通,1,Master,差,5,No,50.7
S1821,20,男生,1.4,4,3.6,No,81.7,7.1,良好,3,Master,差,4,No,35.4
S1822,22,女生,2.6,3.4,5.3,No,79.8,9,差,0,Bachelor,良好,2,No,49.1
S1823,23,男生,4.8,2.8,0.6,No,93.5,6.7,普通,4,High School,良好,1,No,85.4
S1824,24,Other,4.9,0.5,2.1,No,85.3,7.5,差,0,None,普通,4,No,83.9
S1825,20,男生,4.3,1.3,0,Yes,90.2,6.3,良好,0,High School,普通,7,No,90.4
S1826,19,男生,4.6,2.4,2.4,No,75.2,6.9,差,4,High School,良好,4,No,87.8
S1827,18,女生,4.3,2.6,1.2,No,71,8.5,良好,5,Bachelor,普通,9,No,87.5
S1828,23,女生,2.5,1.1,3.9,No,86.1,4,普通,6,Bachelor,良好,8,No,58.2
S1829,24,女生,4.1,5.4,0.9,No,81.8,7,差,3,None,良好,8,Yes,73.2
S1830,21,女生,4.7,4.3,0,No,91.3,9.1,良好,5,Bachelor,良好,5,No,83.5
S1831,21,女生,4.6,3.2,1.3,No,84.2,6.8,差,5,High School,普通,1,Yes,77.6
S1832,19,男生,5.3,2.6,0,Yes,87.1,8.5,普通,5,High School,普通,9,Yes,98.4
S1833,20,Other,4.6,2.2,2.6,No,68.8,5.7,差,6,Bachelor,良好,2,No,78.5
S1834,17,Other,4,1.4,0,Yes,100,6.5,普通,2,High School,差,6,Yes,81.1
S1835,20,女生,5.1,2.6,1.8,No,83.4,6.5,普通,6,High School,普通,10,No,100
S1836,19,男生,3.5,2.8,0,No,92,3.8,普通,5,None,差,5,Yes,58.7
S1837,21,女生,2.2,1,1.4,No,76.6,5.1,差,2,High School,差,10,No,62.6
S1838,20,男生,3.3,2.9,3.6,No,88.1,5.2,普通,4,Bachelor,普通,8,Yes,60.3
S1839,21,男生,2.4,2.3,2.2,No,72,7.5,良好,6,Master,普通,3,No,63.9
S1840,23,男生,2.5,0.2,0.9,Yes,89.5,7.5,良好,3,High School,良好,6,Yes,80
S1841,24,男生,3.3,1.5,1.8,Yes,81.4,6.9,普通,5,High School,普通,6,No,62.6
S1842,17,女生,2.3,2,1.8,No,85.3,7.5,普通,1,Bachelor,普通,10,No,71.4
S1843,23,女生,3,4.8,2.3,Yes,92,6.3,普通,4,Master,差,3,No,60.6
S1844,21,女生,0.7,3.2,0.3,Yes,72.7,7.9,普通,2,High School,良好,7,Yes,47.2
S1845,21,男生,3.8,0.9,2.5,No,78.2,6.5,差,6,High School,普通,4,Yes,78.1
S1846,18,男生,3.5,3.1,0,No,89.6,6.6,普通,3,Bachelor,良好,5,Yes,75.5
S1847,18,男生,2.3,0.6,1.1,No,100,6.2,普通,0,Bachelor,良好,9,No,73.5
S1848,23,Other,4.5,3.8,1.3,No,83.6,7.3,普通,3,High School,差,6,No,74.6
S1849,22,男生,4.9,1.9,2.5,No,90.9,6,普通,3,Bachelor,普通,10,No,98.7
S1850,23,女生,1.1,2.4,1.8,No,83.9,7.7,良好,5,High School,普通,4,Yes,49.2
S1851,18,女生,2.4,4.1,0.3,No,100,5.1,差,5,Bachelor,良好,8,No,67.4
S1852,21,男生,2.3,1,0.7,No,67.5,5.2,良好,6,Bachelor,良好,9,No,72.5
S1853,19,女生,2.1,0.8,2,No,85.9,7.3,良好,6,Master,良好,10,Yes,68.4
S1854,23,女生,4.7,1.8,1.7,No,68.7,6.4,普通,2,High School,普通,5,No,70
S1855,21,女生,3.2,3.7,1.2,No,59.9,6,普通,6,High School,良好,2,No,56.1
S1856,19,女生,3.1,0.7,1.3,Yes,88,7.6,普通,2,High School,差,6,Yes,81.5
S1857,19,男生,0.5,0,2.6,Yes,86.4,5.8,差,5,Master,差,8,Yes,45
S1858,18,男生,4.5,2,1.2,Yes,82.2,6.3,普通,5,High School,良好,5,Yes,84.4
S1859,23,女生,1.6,3.2,1.7,No,83.9,8.2,良好,1,High School,良好,1,No,36.8
S1860,20,女生,3.6,3.9,4.2,No,100,8.3,差,1,High School,差,8,Yes,65.6
S1861,17,男生,3.9,1.9,0.2,No,82.4,8.4,普通,4,Bachelor,差,9,Yes,93.5
S1862,18,女生,5.5,2,0,No,90.1,6.2,良好,5,High School,差,1,No,93.7
S1863,18,女生,1.5,3.9,2.7,No,78.5,8,良好,0,High School,差,8,Yes,42.3
S1864,20,女生,0,0.3,1.1,Yes,88,5.4,普通,1,High School,普通,10,Yes,53.3
S1865,17,男生,3.8,2,1.4,No,82.6,5.4,良好,2,Master,良好,2,No,65.9
S1866,21,女生,6.2,2.7,0.9,No,80.9,3.7,普通,3,Bachelor,良好,4,Yes,87.9
S1867,22,女生,5.4,3,1.5,No,100,8.5,差,6,Bachelor,良好,2,No,94.5
S1868,23,男生,3.8,1.9,3.6,No,96.8,5.5,普通,6,Master,良好,2,No,77.8
S1869,22,男生,2.8,2.5,2.7,Yes,86.4,6.3,普通,4,Master,普通,10,No,74.6
S1870,21,Other,4.7,0,2.7,Yes,62,5.4,良好,1,High School,良好,3,No,67.5
S1871,24,男生,2,1.7,0.2,Yes,81.4,7.3,差,3,Master,良好,8,Yes,66.5
S1872,18,女生,4.2,3,0.5,No,100,6,普通,3,None,普通,4,No,78.4
S1873,17,女生,4.3,1.3,0,No,82.7,4.9,普通,1,High School,良好,7,No,84.9
S1874,18,男生,5.1,2.6,0.9,No,96,7,普通,0,Master,普通,10,No,96.6
S1875,19,女生,7.6,3,2.9,No,99.4,4.8,差,0,High School,良好,3,No,100
S1876,18,男生,4.1,2.1,2.4,No,87.2,5.5,普通,4,High School,良好,10,No,83.1
S1877,18,女生,2.7,2.7,1.6,No,76.6,4,良好,0,High School,普通,3,No,36.9
S1878,21,男生,3.5,1.3,1.8,Yes,60.6,4.8,普通,4,Bachelor,良好,2,No,60
S1879,21,女生,0.8,2.3,1,No,91.8,6.7,普通,2,High School,差,6,No,44.3
S1880,21,男生,2.5,3.2,2,No,76.9,4.1,普通,1,Bachelor,良好,6,No,41.6
S1881,22,男生,2.9,2.7,2.6,Yes,86.8,4.7,普通,3,Master,普通,1,No,45.5
S1882,19,Other,2.7,1.8,0,No,72.5,6.5,普通,4,Bachelor,差,7,No,68.2
S1883,24,男生,3.7,2.8,2.1,No,82.3,5.8,良好,6,High School,普通,4,No,75.5
S1884,24,女生,2.3,3.4,2.8,No,85.3,8.9,良好,0,Master,良好,3,No,40.9
S1885,21,男生,5.2,0,1.3,No,87.7,8.7,普通,6,High School,差,8,No,100
S1886,17,女生,3.5,3.9,2.6,No,73.9,5.5,普通,4,High School,良好,2,Yes,65.6
S1887,22,男生,3.5,2.1,4.9,No,97,7.2,良好,5,None,差,9,No,75.9
S1888,20,Other,3,3,1.7,Yes,79,7.4,普通,4,Bachelor,良好,8,Yes,69.8
S1889,17,男生,3.7,3.9,2.2,Yes,68.3,5.8,普通,0,High School,良好,8,No,66.6
S1890,23,男生,4.7,0.9,1,Yes,83.9,4.7,普通,5,High School,普通,3,No,84.5
S1891,23,男生,2.2,1.6,2,Yes,85.3,6.5,良好,5,High School,普通,4,Yes,65.6
S1892,17,男生,2.5,2.2,2.3,No,86.6,6.3,普通,0,High School,良好,2,No,46.8
S1893,21,女生,3,1.6,2,No,98.6,6,良好,5,Bachelor,良好,2,No,67.7
S1894,20,男生,1.5,4.6,0.7,Yes,82.6,7,良好,1,Bachelor,良好,4,Yes,45.4
S1895,20,女生,2.3,1.5,2,No,83.8,5.6,普通,3,Bachelor,普通,6,No,57
S1896,22,男生,2.8,1.8,3.4,Yes,74,5.1,良好,6,High School,普通,5,No,58.4
S1897,20,男生,4.8,2.7,2.3,No,93.2,6.6,良好,1,High School,良好,1,Yes,70.8
S1898,23,女生,3.9,1.1,2.9,No,86.8,7,普通,1,Master,普通,10,No,75.7
S1899,19,女生,3.8,2,1.5,No,80.8,5.1,差,0,None,普通,1,No,55.7
S1900,21,男生,4.8,2.9,2.6,No,66,7.6,差,0,Master,普通,6,Yes,82.1
S1901,20,男生,3.3,2.1,2.1,No,99.4,4.4,普通,6,High School,良好,3,Yes,71.4
S1902,22,男生,4.1,2.4,0.8,No,72.7,5.8,普通,3,Master,良好,3,No,66.7
S1903,23,女生,3.3,1.9,2.2,No,79.1,6.2,普通,4,High School,普通,7,No,70.9
S1904,19,女生,3.9,0.7,0.7,Yes,88.6,5.7,差,1,High School,差,1,Yes,73
S1905,18,男生,2.6,2.9,1.1,Yes,73,5.8,良好,5,Bachelor,差,1,Yes,53.9
S1906,18,女生,0,4.6,2,Yes,70.1,8.7,普通,3,Bachelor,普通,10,No,43.4
S1907,19,女生,3.3,2.5,2.1,No,63.8,5.5,普通,1,High School,普通,3,No,55.4
S1908,23,女生,5.6,2.8,0.5,Yes,92.2,9.4,普通,4,Bachelor,良好,8,No,100
S1909,22,女生,4.9,3.3,3,No,79.5,7,普通,5,Bachelor,普通,1,No,71.8
S1910,19,男生,4.9,1,2.4,No,100,6.6,普通,1,None,普通,10,No,89.2
S1911,21,男生,5.4,4.5,1,No,75.1,7.1,普通,2,None,良好,4,No,83.9
S1912,21,男生,3.6,2.7,0.1,No,75.8,9.5,差,6,High School,普通,9,No,89.1
S1913,18,男生,3.8,4.5,1.6,Yes,79.3,5.3,良好,3,High School,良好,4,No,53.5
S1914,20,女生,2.6,1.6,1.3,Yes,87.4,5.2,良好,6,Bachelor,差,10,No,72.9
S1915,22,女生,3,4.7,1.9,No,80.3,5.6,普通,0,High School,普通,8,No,61
S1916,18,男生,4.4,3.4,1.4,No,91.1,6.5,良好,1,High School,良好,7,No,69.1
S1917,20,男生,5.3,3.2,0,No,75.2,4.4,良好,5,High School,良好,3,No,77.2
S1918,20,男生,3.3,2.8,1.4,Yes,71.2,6.5,差,5,Bachelor,普通,7,No,71.9
S1919,24,女生,2.8,2.2,1.5,No,67,8.5,良好,3,High School,良好,7,Yes,74.7
S1920,21,男生,3.5,3.9,2.5,Yes,62.8,6.7,良好,3,None,良好,10,No,74.5
S1921,23,女生,4.4,2.7,1,No,79.8,6.1,普通,6,None,普通,3,No,85.4
S1922,17,男生,1.3,0.1,3.6,No,82,5.8,差,5,Master,普通,2,Yes,44.3
S1923,23,男生,0.1,1.2,0,No,78.7,7.6,差,5,High School,良好,9,No,53.4
S1924,17,Other,2.7,2.3,3.2,Yes,97.4,5.5,差,5,Bachelor,普通,1,Yes,57.4
S1925,19,Other,1.7,2.9,1.6,Yes,97.3,8.7,良好,1,None,良好,7,No,53.6
S1926,21,男生,2.7,2.4,2.7,No,81.7,8.8,普通,5,High School,良好,4,Yes,58.8
S1927,20,女生,3.3,4,1.9,No,67.1,6.8,良好,0,Bachelor,良好,2,No,43.5
S1928,22,女生,2.8,0.2,3.1,No,79.3,6.5,良好,5,High School,普通,2,No,65.6
S1929,17,女生,5.7,2.7,1.4,No,79,7.7,良好,0,Master,普通,8,Yes,89.8
S1930,23,男生,4,0.3,0.6,No,78.4,7.8,良好,1,Master,良好,7,No,89.5
S1931,20,女生,4,3.4,3.4,Yes,78,5.5,差,3,Bachelor,普通,7,Yes,68.8
S1932,17,女生,4.4,2.4,1.7,No,78.5,5.9,普通,0,Bachelor,普通,5,No,76.8
S1933,17,女生,1.8,3,2,No,81.1,4.9,良好,1,High School,普通,10,No,47.5
S1934,24,男生,5.1,1.5,3.2,No,78.6,7,差,5,High School,差,8,Yes,89.3
S1935,17,男生,3.4,4,0.7,Yes,87.1,7.3,差,1,Master,良好,2,No,62
S1936,22,男生,4.5,3.8,2.5,No,88.6,4.9,良好,5,Bachelor,普通,2,Yes,66.1
S1937,21,女生,1.9,3.2,1.2,No,75.9,6,良好,6,Bachelor,良好,5,No,41.7
S1938,22,男生,1.2,2.3,1.7,No,97.7,4.9,普通,1,High School,差,1,No,28
S1939,18,女生,4.7,3.2,1.9,No,75.2,5.4,良好,3,None,良好,6,No,71
S1940,20,Other,4.1,1.7,0.1,Yes,68.8,7.2,良好,0,Master,普通,4,No,67.5
S1941,21,男生,2.1,3.5,0.9,No,88.8,5.6,普通,6,High School,良好,6,No,63.4
S1942,24,女生,2.2,4.5,3.3,No,76.8,6.1,差,3,High School,良好,7,No,50.2
S1943,21,男生,5.2,3.8,2.8,No,88.2,4.5,良好,2,High School,差,3,No,72
S1944,21,女生,1.7,1.6,1.7,No,61,6.7,普通,5,Bachelor,良好,8,Yes,67.9
S1945,23,男生,6,2.9,2.1,Yes,98.9,6.4,差,0,None,普通,7,No,100
S1946,21,女生,2.1,0.9,1.5,No,91.7,5.6,普通,3,Bachelor,良好,1,Yes,55
S1947,24,女生,4.5,3.2,3.3,Yes,70,6.3,良好,0,High School,良好,6,Yes,59.9
S1948,22,女生,3,3,1.6,No,70.2,6.7,普通,2,Master,良好,7,No,63.2
S1949,21,女生,4.4,0.3,2.1,No,100,5.5,普通,4,Bachelor,良好,4,No,84.5
S1950,19,女生,2.7,1.1,3.1,No,77.6,4.7,普通,5,High School,普通,2,No,50.8
S1951,20,女生,3.3,2.2,0.9,No,76.7,8.7,良好,5,Bachelor,差,10,No,94
S1952,21,女生,3.6,2.1,3.5,Yes,62.3,5.7,差,1,High School,普通,9,No,65.6
S1953,20,女生,2,1,0.1,No,81.5,6.4,普通,5,High School,普通,7,No,61.7
S1954,19,男生,4.6,3,3.6,No,82.7,7.7,良好,5,Master,良好,1,Yes,66
S1955,19,女生,2.7,2.8,1.4,Yes,92.2,10,差,3,High School,普通,8,No,86.9
S1956,20,女生,3.2,2.3,1.5,No,71,5,良好,6,High School,良好,3,No,59.6
S1957,17,女生,2,1.6,0,No,69.8,7,良好,5,High School,普通,4,No,49.1
S1958,18,男生,0,3.8,1.3,Yes,89.5,5.7,良好,5,High School,普通,5,No,31.1
S1959,23,女生,3.2,4.5,0.7,No,95.1,5.9,普通,2,Master,良好,1,No,45.7
S1960,17,男生,7.1,1.9,1.1,Yes,69.3,5.6,良好,6,High School,普通,6,No,100
S1961,17,女生,4.7,1.8,1.6,No,95.8,5.1,良好,2,Master,良好,10,No,81.1
S1962,22,男生,3.5,3.1,2.9,Yes,85.4,6.5,良好,0,Master,普通,6,No,55.1
S1963,23,女生,3.1,2.1,2,No,95.9,4.7,差,0,High School,良好,2,No,53.3
S1964,23,Other,3.5,2.3,2.1,No,84.3,7.6,良好,5,High School,差,10,Yes,89.1
S1965,17,男生,4.3,3.4,0.6,No,59.8,6.6,普通,5,Master,普通,6,Yes,77.3
S1966,21,Other,1.7,0.2,0.8,No,83.5,7,差,1,High School,良好,8,Yes,56.4
S1967,22,男生,5.2,4.1,3.8,No,95.6,5.9,普通,0,None,良好,6,No,76.1
S1968,22,女生,4.6,2.6,1,No,76.1,6.1,良好,3,High School,普通,4,No,74.6
S1969,19,女生,4.6,2,3.6,Yes,81.1,6.8,普通,5,Bachelor,普通,4,No,83
S1970,24,女生,4.2,2.4,1.5,No,83.2,5.1,普通,3,Bachelor,普通,9,Yes,85.9
S1971,23,女生,3.5,2.5,1.8,No,56,6.1,良好,5,High School,普通,6,No,64.5
S1972,17,女生,4.5,0.4,3,No,100,5.5,普通,3,High School,良好,8,No,91.9
S1973,19,男生,4.4,4.3,3.2,No,76,5.4,良好,4,Master,良好,8,No,74.6
S1974,20,男生,3,2.5,1.7,No,90.1,4,普通,3,Bachelor,差,7,No,70.9
S1975,18,女生,2.6,3,1.4,No,84.1,8.1,普通,6,Bachelor,普通,3,No,66.7
S1976,24,女生,3.7,3.6,1.7,No,97.6,5.7,良好,0,Bachelor,良好,10,Yes,77.4
S1977,24,女生,5.8,1.3,2.2,Yes,89.1,7.9,良好,5,High School,普通,1,Yes,99
S1978,24,女生,1.6,3.1,2.8,No,82.7,7.8,普通,0,Bachelor,良好,5,Yes,43.5
S1979,22,男生,1.3,2.2,1.8,No,76.1,5,良好,6,High School,差,10,No,53.4
S1980,20,女生,3.7,3.5,2.5,No,93,5.2,差,6,High School,良好,10,Yes,81
S1981,24,男生,3.6,0,3.6,No,66.3,9.6,普通,3,Bachelor,普通,2,No,66.2
S1982,20,女生,3.8,2.4,2.2,Yes,91.5,8.6,普通,2,High School,良好,10,No,88
S1983,21,男生,3.9,1.8,2.1,No,74,6.5,差,2,Master,普通,2,No,64.4
S1984,24,男生,3.2,3,0.1,No,97.5,6.8,普通,6,High School,普通,7,No,82.4
S1985,18,男生,5.7,3.1,0,Yes,86.6,5.7,普通,2,Master,良好,3,Yes,80.9
S1986,20,男生,1.1,1.7,2.2,No,91.4,7,差,5,Master,差,8,No,59.6
S1987,20,女生,2.3,1.6,1.7,Yes,85.8,5.6,普通,1,High School,普通,9,No,56.2
S1988,18,男生,3.3,2.4,1.2,No,67.5,4.1,普通,4,Bachelor,普通,8,Yes,72.5
S1989,24,男生,1,1.4,2.1,Yes,76.4,4.9,普通,3,High School,普通,6,No,47.6
S1990,18,男生,3.2,3.5,1.7,No,91.7,6.5,良好,1,Master,良好,5,No,63.6
S1991,20,男生,6,2.1,3,No,86.7,5.1,良好,2,High School,良好,3,No,85.3
S1992,18,男生,3.5,0,1.9,No,96.8,6.4,普通,3,Bachelor,差,3,No,71.8
S1993,20,男生,3.8,2.1,1,No,89,5.2,良好,1,High School,良好,7,No,70.9
S1994,20,女生,1.6,1.3,2.9,No,75.3,5.6,良好,0,High School,普通,5,No,41.7
S1995,21,女生,2.6,0.5,1.6,No,77,7.5,普通,2,High School,良好,6,Yes,76.1
S1996,17,女生,2.9,1,2.4,Yes,86,6.8,差,1,High School,普通,6,Yes,65.9
S1997,20,男生,3,2.6,1.3,No,61.9,6.5,良好,5,Bachelor,良好,9,Yes,64.4
S1998,24,男生,5.4,4.1,1.1,Yes,100,7.6,普通,0,Bachelor,普通,1,No,69.7
S1999,19,女生,4.3,2.9,1.9,No,89.4,7.1,良好,2,Bachelor,普通,8,No,74.9
